Price,Brand,Processor Brand,Processor Model,Generation,Processor Base Frequency,Processor Max Frequency,Processor Core,Processor Thread,CPU Cache,RAM,RAM Type,Storage Capacity,Display Size,Graphics Memory,Battery Capacity
70400,Acer,Intel,Core i5,11th Gen,2.4,4.2,4,8,8,8GB,DDR4,1TB,14,Shared,48
129800,MSI,Intel,Core i7,11th Gen,2.3,4.6,8,16,24,8GB,DDR4,1TB,15.6,4GB,51
29950,AVITA,Intel,Celeron N4020,NULL,1.1,2.8,2,2,4,4GB,LPDDR4,256GB,14,Shared,10
32010,Toshiba,Intel,Celeron 5205U,10th Gen,1.9,1.9,2,2,2,4GB,DDR4,128GB,14,Shared,45
32999,DOEL,AMD,A9-9425,NULL,3.1,3.7,2,2,1,4GB,DDR4,240GB,14.1,Shared,10
33420,Toshiba,Intel,Celeron 5205U,10th Gen,1.9,1.9,2,2,2,4GB,DDR4,256GB,14,Shared,45
36850,Acer,NULL,NULL,NULL,NULL,NULL,NULL,NULL,,NULL,NULL,NULL,NULL,NULL,NULL
37950,Lenovo,Intel,Celeron Processor N4020,NULL,1.1,2.8,2,2,4,4GB,DDR4,1TB,15.6,Shared,45
37950,Lenovo,Intel,Celeron Processor N4020,NULL,1.1,2.8,2,2,4,4GB,DDR4,256GB SSD,15.6,Shared,45
38630,Lenovo,Intel,Celeron N4020,NULL,1.1,2.8,2,2,4,4GB,DDR4,128GB,10.1,Shared,39
38520,Lenovo,Intel,Celeron N4020,NULL,1.1,2.8,2,2,4,4GB ,DDR4,1TB,15.6,Shared,35
38500,Lenovo,Intel,Celeron Processor N4020,NULL,1.1,2.8,2,2,4,4GB,DDR4,256GB SSD,15.6,Shared,45
43400,Asus,Intel,Celeron Processor N4020,NULL,1.1,2.8,2,2,4,4GB,DDR4,1TB,15.6,Shared,37
46550,Toshiba,Intel,Core i3,10th Gen,2.1,4.1,2,4,4,8GB,DDR4,256GB,14,Shared,45
45650,Asus,Intel,Celeron N4500 Processor,NULL,1.1,2.8,2,2,4,4GB,DDR4,1TB,15.6,Shared,37
46200,Asus,Intel,Celeron N4500 Processor,NULL,1.1,2.8,2,2,4,4GB,DDR4,1TB,15.6,Shared,37
46200,Asus,Intel,Celeron N4500 Processor,NULL,1.1,2.8,2,2,4,4GB,DDR4,1TB,15.6,Shared,37
48280,Asus,Intel,Celeron Dual,NULL,1.1,2.8,2,2,4,4GB ,DDR4,512GB,15.6,Shared,42
47740,Asus,Intel,Celeron Processor N4020,NULL,1.1,2.8,2,2,4,4GB,DDR4,256GB,14,Shared,37
48830,Acer,Intel,Core i3,11th Gen,3,4.1,2,4,6,4GB,DDR4,1TB,15.6,Shared,36
49910,HP,Intel,Celeron N4500,NULL,1.1,2.8,2,2,4,4GB  ,DDR4,256GB,15.6,Shared,41
49830,Asus,Intel,Core i3,10th Gen,2.1,4.1,2,4,4,4GB ,DDR4,1TB,15.6,Shared,37
50240,Asus,Intel,Core i3,10th Gen,2.1,4.1,2,4,4,4GB ,DDR4,1TB,14,Shared,37
49410,Asus,Intel,Core i3,10th Gen,2.1,4.1,2,4,4,4GB ,DDR4,256GB SSD,14,Shared,37
49950,ASUS,Intel,Core i3,10th Gen,1.2,3.4,2,4,4,4GB ,DDR4,1TB,15.6,Shared,37
49910,Asus,Intel,Celeron Dual,NULL,1.1,2.8,2,2,4,4GB ,DDR4,512GB,15.6,Shared,42
50280,Asus,Intel,Core i3,10th Gen,2.1,4.1,2,4,4,4GB ,DDR4,1TB,15.6,Shared,37
48830,Acer,AMD,Ryzen 3,3th Gen,2.6,3.5,2,4,,8GB,DDR4,256GB,15.6,Shared,45
49910,Lenovo,Intel,Core i3,10th Gen,1.2,3.4,2,4,4,4GB,DDR4,256GB,15.6,Shared,35
49500,Asus,Intel,Celeron N4500 Processor,NULL,1.1,2.8,2,2,4,4GB,DDR4,256GB,11.6,Shared,42
51580,ASUS,Intel,Core i3,10th Gen,1.2,3.4,2,4,4,8GB,DDR4,1TB,15.6,Shared,37
54449,DOEL,Intel,Core i3,10th Gen,2.1,4.1,2,4,4,4GB,DDR4,512GB,14,Shared,36
50450,Walton,Intel,Core i3,10th Gen,2.1,4.1,2,4,4,8GB,DDR4,512GB,15.6,Shared,36
51860,Dell,Intel,Core i3,11th Gen,3,4.1,2,4,6,4 GB,DDR4,1TB,14,Shared,42
54470,ASUS,AMD,Ryzen 3,3th Gen,2.6,3.5,2,4,5,4GB ,DDR4,1TB HDD,14,Shared,37
55340,HP,AMD,AMD Ryzen,3th Gen,2.3,3.2,2,2,4,8 GB,DDR4,256 GB,15.6,Shared,41
55650,Microsoft,Intel,Pentium Gold Processor 4425Y,NULL,1.7,1.7,2,4,2,4GB,NULL,64GB,10.5,Shared,NULL
55380,ASUS,Intel,Core i3,11th Gen,3,4.1,2,4,6,4GB ,DDR4,1TB,15.6,Shared,37
56200,ASUS,AMD,Ryzen 3,3th Gen,2,2,4,NULL,5,4GB ,DDR4,1TB HDD,15.6,Shared,37
55380,ASUS,Intel,Core i3,11th Gen,3,4.1,2,4,6,4GB ,DDR4,1TB,15.6,Shared,37
56420,Dell,Intel,Core i3,11th Gen,3,4.1,2,4,6,4GB,DDR4,1TB,15.6,Shared,42
54450,ASUS,Intel,Core i3,10th Gen,1.2,3.4,2,4,4,4GB ,DDR4,512GB,15.6,Shared,37
57200,HP,Intel,Core i3,11th Gen,3,4.1,2,4,6,4GB,DDR4,1TB,15.6,Shared,41
56640,Lenovo,Intel,Core i3,11th Gen,3,4.1,2,4,6,4GB,DDR4,256GB,15.6,Shared,45
56750,Lenovo,AMD,Ryzen 3,3th Gen,2.6,2.6,2,4,4,8GB ,DDR4,512GB,15.6,Shared,41
54790,Acer,Intel,Core i3,11th Gen,3,4.1,2,4,6,8GB,DDR4,512GB SSD,15.6,Shared,36
55000,Walton,Intel,Core i5,8th Gen,1.6,3.4,4,8,6,8GB,DDR4,1TB,15.6,Shared,31
57200,Lenovo,Intel,Core i3,11th,3,4.1,2,4,6,4GB,DDR4,1TB HDD,15.6,Shared,45
54450,Dell,Intel,Core i3,11th Gen,3,4.1,2,4,6,4 GB,DDR4,1TB + 256GB SSD,14,Shared,42
59400,HP,Intel,Core i3,11th Gen,3,4.1,2,4,6,4GB,DDR4,1TB HDD + 256GB SSD,15.6,Shared,41
59460,ASUS,AMD,Ryzen 3,3th Gen,2.6,3.5,2,4,4,4GB ,DDR4,512GB,15.6,Shared,37
58000,Acer,Intel,Core i3,11th Gen,3,4.1,2,4,6,4GB,DDR4,1TB,15.6,Shared,48
58090,ASUS,AMD,Ryzen 3,3th Gen,2.6,3.5,2,4,4,4GB ,DDR4,512GB,15.6,Shared,37
59400,Lenovo,Intel,Core i3,11th Gen,3,4.1,2,4,6,8GB,DDR4,1TB HDD,15.6,Shared,38
61300,Lenovo,Intel,Core i3,11th Gen,3,4.1,2,4,6,8GB ,DDR4,256GB,14,Shared,45
58190,Walton,Intel,Core i3,11th Gen,3,4.1,2,4,6,8GB,DDR4,512GB,14,Shared,49
62390,ASUS,Intel,Core i3,11th Gen,3,4.1,2,4,6,4GB ,DDR4,512GB,15.6,Shared,37
62930,HP,Intel,Core i3,11th Gen,3,4.1,2,4,6,8GB,DDR4,1TB,15.6,Shared,41
63690,Dell,AMD,Ryzen 3,5th Gen,2.7,2.7,4,8,8,8GB,DDR4,256GB,15.6,Shared,41
61050,Asus,Intel,Core i3,11th Gen,3,4.1,2,4,6,4GB,DDR4,1TB HDD,15.6,Shared,42
63250,Acer,Intel,Core i3,11th Gen,3,4.1,2,4,6,8GB,LPDDR4X,128GB,14,Shared,48
62470,Walton,Intel,Core i7,8th Gen,1.8,4,4,8,8,8GB,DDR4,1TB,15.6,Shared,31
63520,ASUS,Intel,Core i3,11th Gen,3,4.1,2,4,6,8GB ,DDR4,512GB,15.6,Shared,37
64020,ASUS,Intel,Core i3,11th Gen,3,4.1,2,4,6,8GB ,DDR4,512GB,15.6,Shared,37
63000,Acer,Intel,Core i3,11th Gen,3,4.1,2,4,6,8GB,DDR4,512GB,14,Shared,48
64560,ASUS,Intel,Core i5,10th Gen,1,3.6,4,8,6,4GB ,DDR4,1TB,15.6,Shared,37
62700,Acer,Intel,Core i3,13th Gen,1,3.6,8,8,6,8GB ,LPDDR5,512GB,15.6,Shared,40
65640,HP,AMD,Ryzen 3,5th Gen,2.6,3.8,4,8,4,8GB ,DDR4,512 GB,15.6,Shared,41
65450,Lenovo,Intel,Core i3,11th Gen,3,4.1,2,4,6,8GB,DDR4,512GB,15.6,Shared,45
66730,HP,Intel,Core i3,12th Gen,3,4.1,6,8,10,4GB ,DDR4,256 GB,15.6,Shared,41
65000,Lenovo,AMD,Ryzen 5,7th Gen,2.8,2.8,4,8,8,8GB ,DDR5,256GB,14,Shared,42
65000,Lenovo,AMD,Ryzen 5,7th Gen,2.8,2.8,4,8,8,8GB ,DDR5,256GB,15.6,Shared,42
67810,ASUS,Intel,Core i3,11th Gen,3,4.1,2,4,6,8GB,DDR4,1TB,15.6,Shared,37
67810,ASUS,Intel,Core i3,11th Gen,3,4.1,2,4,6,8GB,DDR4,512GB SSD,15.6,Shared,37
69299,DOEL,Intel,Core i5,10th Gen,1.6,4.2,4,8,6,8GB,DDR4,512GB,14,Shared,36
66770,ASUS,Intel,Core i5,10th Gen,1,3.6,4,8,6,8GB,DDR4,1TB,15.6,Shared,37
69300,Dell,Intel,Core i3,11th Gen,3,4.1,2,4,6,4 GB,DDR4,256GB,14,Shared,42
66000,Acer,Intel,Core i3,12th Gen,3.3,4.4,6,8,10,8GB,DDR4,512GB,15.6,Shared,40
68900,HP,Intel,Core i3,12th Gen,3.3,4.4,6,8,10,8GB,DDR4,256 GB,15.6,Shared,41
64600,Huawei,Intel,Core i3,11th Gen,2.4,4.2,2,4,6,8GB,DDR4,256GB,15.6,Shared,42
64600,HUAWEI,Intel,Core i3,11th Gen,3,4.1,2,4,6,8GB,LPDDR4X,256 GB,15.6,Shared,42
66000,Lenovo,Intel,Core i5,11th Gen,2.4,4.2,4,8,8,8GB,DDR4,1TB,14,Shared,38
67100,Lenovo,AMD,Ryzen 5,7th Gen,2.8,2.8,4,8,8,8GB ,DDR5,500GB,14,Shared,42
65325,Walton,Intel,Core i5,10th Gen,1.6,4.2,4,8,6,8GB,DDR4,512GB,15.6,Shared,36
69980,HP,Intel,Core i3,12th Gen,1.6,4.2,6,8,10,8GB ,DDR4,512 GB,15.6,Shared,41
68200,Lenovo,AMD,Ryzen 5,7th Gen,2.8,2.8,4,8,8,8GB ,DDR5,512GB,15.6,Shared,42
67500,Lenovo,Intel,Core i5,11th Gen,2.4,4.2,4,8,8,8GB,DDR4,1TB + 256GB SSD,14,Shared,38
71390,Asus,Intel,Core i3,11th Gen,3,4.1,2,4,6,4GB,DDR4,512GB,15.6,Shared,42
69300,Acer,Intel,Core i5,11th Gen,2.4,4.2,4,8,8,8GB,DDR4,512GB,15.6,Shared,36
67500,Lenovo,Intel,Core i3,11th Gen,3,4.1,2,4,6,8GB,DDR4,512GB,14,Shared,45
71940,Dell,Intel,Core i3,12th Gen,3,4.1,6,8,10,8GB ,DDR4,512GB,15.6,Shared,41
69300,Lenovo,AMD,Ryzen 5,5th Gen,2.3,4.3,6,12,16,8GB,LPDDR4x,256GB,NULL,Shared,45
70950,Acer,AMD,Ryzen 5,7th Gen,2.8,2.8,4,8,8,8GB ,DDR4,512GB,15.6,Shared,40
73820,ASUS,Intel,Core i5,11th Gen,2.4,4.2,4,8,8,4GB ,DDR4,1TB,15.6,Shared,37
74540,ASUS,Intel,Core i3,12th Gen,2.4,4.2,10,12,12,4GB,DDR4,512GB,14,Shared,42
71500,Lenovo,AMD,Ryzen 5,5th Gen,2.3,4.3,6,12,16,8GB,LPDDR4x,512GB,NULL,Shared,45
75410,ASUS,Intel,Core i3,12th Gen,2.3,4.3,10,12,12,4GB ,DDR4,512GB,15.6,Shared,42
73700,Lenovo,AMD,Ryzen 5,5th Gen,2.1,4,6,12,8,8GB,DDR4,512GB,15.6,Shared,38
74327,Avita,Intel,Core i5,11th Gen,2.4,4.2,4,8,8,8GB,DDR4,512GB,14,Shared,10
74327,Avita,Intel,Core i5,11th Gen,2.4,4.2,4,8,8,8GB,DDR4,512GB,14,Shared,10
74327,Avita,Intel,Core i5,11th Gen,2.4,4.2,4,8,8,8GB,DDR4,512GB,14,Shared,10
74327,Avita,Intel,Core i5,11th Gen,2.4,4.2,4,8,8,8GB,DDR4,512GB,14,Shared,10
74327,Avita,Intel,Core i5,11th Gen,2.4,4.2,4,8,8,8GB,DDR4,512GB,14,Shared,10
74327,Avita,Intel,Core i5,11th Gen,2.4,4.2,4,8,8,8GB,DDR4,512GB,14,Shared,10
73700,ASUS,Intel,Core i5,11th Gen,2.4,4.2,4,8,8,4GB ,DDR4,512GB,14,Shared,37
72358,Walton,Intel,Core i5,11th Gen,2.4,4.2,4,8,6,8GB,DDR4,512GB,14,Shared,49
77360,Dell,AMD,Ryzen 5,5th Gen,2.3,4.3,6,12,16,8GB,DDR4,512GB,15.6,Shared,41
75416,Avita,Intel,Core i5,11th Gen,2.4,4.2,4,8,8,8GB,DDR4,512GB,14,Shared,10
75416,Avita,Intel,Core i5,11th Gen,2.4,4.2,4,8,8,8GB,DDR4,512GB,14,Shared,10
75416,Avita,Intel,Core i5,11th Gen,2.4,4.2,4,8,8,8GB,DDR4,512GB,14,Shared,10
75416,Avita,Intel,Core i5,11th Gen,2.4,4.2,4,8,8,8GB,DDR4,512GB,14,Shared,10
75416,Avita,Intel,Core i5,11th Gen,2.4,4.2,4,8,8,8GB,DDR4,512GB,14,Shared,10
79210,Realme,Intel,Core i5,11th Gen,2.4,4.2,4,8,8,8GB,LPDDR4x,512GB,14,Shared,54
75600,Dell,Intel,Core i3,11th Gen,2,3.7,4,8,8,8GB,DDR4,256GB,14,Shared,42
79210,Realme,Intel,Core i5,11th Gen,2.4,4.2,4,8,8,8GB,LPDDR4x,512GB,14,Shared,54
79200,Lenovo,Intel,Core i5,11th Gen,2.4,4.2,4,8,8,8GB,DDR4,512GB,15.6,Shared,45
80510,Lenovo,Intel,Core i5,11th Gen,2.4,4.2,4,8,8,8GB ,DDR4,512GB,15.6,Shared,NULL
80510,Lenovo,Intel,Core i5,11th Gen,2.4,4.2,4,8,8,8GB,DDR4,512GB,15.6,Shared,NULL
79750,Lenovo,Intel,Core i5,11th Gen,2.4,4.2,4,8,8,8GB,DDR4,512GB,14,Shared,45
75450,Walton,Intel,Core i7,10th Gen,1.8,4.9,4,8,8,8GB,DDR4,512GB,15.6,Shared,36
80330,ASUS,Intel,Core i5,11th Gen,2.4,4.2,4,8,8,8GB,DDR4,1TB,15.6,Shared,37
80850,Lenovo,Intel,Core i5,12th Gen,2.4,4.2,10,12,12,8GB,DDR4,256GB SSD,14,Shared,45
82140,Lenovo,NULL,NULL,NULL,NULL,NULL,NULL,NULL,8,NULL,NULL,NULL,NULL,NULL,NULL
81920,HUAWEI,Intel,Core i5,11th Gen,2.4,4.2,4,8,8,8GB,LPDDR4X,512 GB,15.6,Shared,42
82460,HP,NULL,NULL,NULL,NULL,NULL,NULL,NULL,12,NULL,NULL,NULL,NULL,NULL,NULL
81960,ASUS,Intel,Core i5,11th Gen,2.4,4.2,4,8,8,8GB ,DDR4,512GB,15.6,Shared,37
85250,DOEL,Intel,Core i7,10th Gen,1.8,4.9,4,8,8,8GB,DDR4,512GB,14,Shared,36
83590,Asus,Intel,Core i5,11th Gen,2.4,4.2,4,8,8,8GB,DDR4,512GB,14,Shared,37
82790,Lenovo,Intel,Core i5,11th Gen,2.4,4.2,4,8,8,8GB,DDR4,512GB,15.6,2GB,45
81420,Huawei,Intel,Core i5,11th Gen,2.4,4.2,4,8,8,8GB,DDR4,512GB,15.6,Shared,42
81420,Huawei,Intel,Core i5,11th Gen,2.4,4.2,4,8,8,8GB,DDR4,512GB,14,Shared,56
83600,Acer,Intel,Core i5,12th Gen,3.3,4.4,10,12,12,8GB ,DDR4,512GB,15.6,Shared,40
85250,Lenovo,Intel,Core i5,11th Gen,2.4,4.2,4,8,8,8GB,DDR4,512GB,15.6,2GB,45
86580,Asus,NULL,NULL,NULL,NULL,NULL,NULL,NULL,12,NULL,NULL,NULL,NULL,NULL,NULL
87670,HP,Intel,Core i5,12th Gen,2.4,4.2,10,12,12,8GB,DDR4,512 GB,15.6,Shared,41
88210,Dell,Intel,Core i5,12th Gen,"2,8",4.7,10,12,12,8GB,DDR4,512GB,15.6,Shared,41
85000,Acer,Intel,Core i7,11th Gen,2.8,4.7,4,8,12,8GB,DDR4,1TB,14,Shared,48
89560,Lenovo,Intel,Core i5,11th Gen,2.4,4.2,4,8,8,8GB,DDR4,512GB,14,2GB,56
90060,Lenovo,Intel,Core i5,11th Gen,2.4,4.2,4,8,8,8GB,DDR4,512GB,14,Shared,45
90600,Lenovo,Intel,Core i5,11th Gen,2.4,4.2,4,8,8,8GB,DDR4,1TB HDD+ 256GB M.2 NVME SSD,15.6,2GB,NULL
85514,Walton,Intel,Core i7,11th Gen,2.8,4.7,4,8,12,8GB,DDR4,512GB,14,Shared,49
90750,Lenovo,Intel,Core i5,12th Gen,2.8,4.7,10,12,12,8GB,DDR4,512GB SSD,15.6,Shared,45
87950,Acer,Intel,Core i5,12th Gen,2.8,4.7,12,16,12,8GB,DDR4,512GB,14,Shared,50
91180,Acer,Intel,Core i7,11th Gen,2.8,4.7,4,8,12,8GB,DDR4,512GB,14,Shared,48
90920,Dell,Intel,Core i7,11th Gen,2.8,4.7,4,8,12,8GB,DDR4,512GB,14,2GB,40
91900,Dell,Intel,Core i5,11th Gen,3.2,4.5,4,8,8,8 GB ,DDR4,512GB,15.6,Shared,54
88000,Xiaomi,Intel,Core i5,11th Gen,3.1,4.4,4,8,8,16GB,DDR4,512GB,14,Shared,NULL
93300,HP,Intel,Core i5,11th Gen,2.4,4.2,4,8,8,8GB,DDR4,512GB,14,Shared,45
92230,Dell,AMD,Ryzen 7,5th Gen,2,2,8,16,16,8GB,DDR4,512GB,15.6,Shared,41
97330,Lenovo,Intel,Core i5,11th Gen,2.4,4.2,4,8,8,8GB,DDR4,512GB,14,Shared,45
90200,Dell,Intel,Core i5,11th Gen,2.6,4.4,4,8,8,16GB ,DDR4,512GB,14,Shared,42
92770,ASUS,Intel,Core i5,12th Gen,2.6,4.4,12,16,12,8GB,DDR4,512GB,15.6,Shared,42
92770,Acer,AMD,Ryzen 5,5th Gen,2.1,4,6,12,8,8GB ,DDR4,512 GB,15.6,4GB,48
91850,Dell,Intel,Core i5,11th Gen,2.4,4.2,4,8,8,8GB,DDr4,256GB,14,Shared,42
93530,Dell,Intel,Core i5,11th Gen,2.4,4.2,4,8,8,8GB,DDR4,512GB,15.6,2GB,41
93850,Lenovo,NULL,NULL,NULL,NULL,NULL,NULL,NULL,8,NULL,NULL,NULL,NULL,NULL,NULL
92810,Dell,Intel,Core i5,11th Gen,2.4,4.2,4,8,8,8GB,DDR4,512GB SSD,15.6,2GB,41
92524,HP,Intel,Core i5,11th Gen,2.4,4.2,4,8,8,8GB,DDR4,512GB,15.6,Shared,45
94400,HP,Intel,Core i5,11th Gen,2.4,4.2,4,8,8,8GB,DDR4,512GB,14,Shared,45
94940,ASUS,Intel,Core i5,12th Gen,2.4,4.2,12,16,12,8GB,DDR4,512GB,14,Shared,42
97430,Asus,AMD,Ryzen 5,4th Gen,3,4,6,12,8,8GB,DDR4,512GB,15.6,4GB,48
98520,HP,Intel,Core i5,12th Gen,2.4,4.2,10,12,12,8GB,DDR4,512GB,14,Shared,41
98520,HP,Intel,Core i5,12th Gen,2.4,4.2,10,12,12,8GB,DDR4,512GB,15.6,Integrated,51
98740,Asus,Intel,Core i5,10th Gen,2.5,4.5,4,8,8,8GB,DDR4,512GB,15.6,4GB,48
95500,HP,AMD,Ryzen 5,5th Gen,NULL,NULL,6,12,16,8GB,DDR4,512GB,15.6,Shared,45
99820,HP,Intel,Core i5,12th Gen,2.5,4.5,12,16,12,8 GB,DDR4,512 GB,15.6,Shared,41
100690,HP,Intel,Core i5,12th Gen,1.7,4.7,12,16,12,8 GB,DDR4,512 GB,15.6,Shared,41
141900,HP,Intel,Core i7,12th Gen,1.7,4.7,10,12,12,8GB,DDR4,512GB,14,Shared,41
99000,Acer,AMD,Ryzen 5,7th Gen,2,2,6,12,16,8GB,DDR4,512GB,14,Shared,50
100410,Asus,Intel,Core i5,11th Gen,2.4,4.2,4,8,8,8GB ,DDR4,512GB,15.6,2GB,42
102530,Asus,Intel,Core i5,11th Gen,2.4,4.2,4,8,8,8GB,DDR4,512GB,15.6,2GB,50
100466,ASUS,AMD,Ryzen 7,5th Gen,20M,4.4,4,16,16,8GB ,DDR4,512GB,15.6,Shared,63
99820,Dell,Intel,Core i7,12th Gen,2.8,4.7,10,12,12,8GB ,DDR4,512GB,15.6,Shared,54
103940,ASUS,Intel,Core i7,11th Gen,2.8,4.7,4,8,12,8GB ,DDR4,512GB,15.6,Shared,37
104200,Asus,Intel,Core i5,11th Gen,2.4,4.2,4,8,8,8GB ,DDR4,512GB,15.6,Shared,42
107250,ASUS,Intel,Core i5,11th Gen,2.4,4.2,4,8,8,8GB,DDR4,512GB,13.3,NULL,33
105790,Acer,Intel,Core i5,12th Gen,2.4,4.2,12,16,12,8GB ,DDR4,512 GB,15.6,4GB,50
106870,HUAWEI,Intel,Core i5,12th Gen,3.3,4.4,8,12,12,16GB,LPDDR4X,512GB,16,Shared,60
107740,Lenovo,Intel,Core i7,11th Gen,2.8,4.7,4,8,12,8GB,DDR4,512GB,15.6,Shared,45
106700,Lenovo,Intel,Core i7,11th Gen,2.8,4.7,4,8,12,8GB,DDR4,512GB,14,Shared,45
105200,ASUS,AMD,Ryzen 5,5th Gen,2.1,4,6,12,8,8 GB ,LPDDR4x,512GB,14,Shared,67
110130,Lenovo,AMD,Ryzen 7,5th Gen,1.8,4.3,8,16,8,16GB,DDR4,512GB,14,Shared,52
110130,Acer,Intel,Core i5,12th Gen,1.8,4.3,12,16,12,8GB ,DDR4,512 GB,15.6,4GB,50
108540,Asus,Intel,Core i5,11th Gen,2.4,4.2,4,8,8,8GB ,DDR4,512GB,15.6,2GB,42
109450,Asus,Intel,Core i5,11th Gen,2.4,4.2,4,8,8,8GB ,DDR4,512GB,15.6,2GB,42
110170,Asus,Intel,Core i5,11th Gen,2.4,4.2,4,8,8,8GB ,DDR4,512GB,15.6,2GB,42
109450,Acer,Intel,Core i5,12th Gen,2.4,4.2,12,16,12,16GB ,DDR4,512 GB,15.6,4GB,50
115010,Apple,Apple,M1 chip,NULL,2,2,8,8,4,8GB,DDR4,256GB,13.3,Shared,49
112750,Asus,Intel,Core i7,11th Gen,2.8,4.7,4,8,12,16GB,DDR4,512GB,14,Shared,50
116640,Lenovo,Intel,Core i5,11th Gen,3.1,4.4,4,8,8,8GB,DDR4,512GB,15.6,4GB,NULL
117720,MSI,Intel,Core i5,12th Gen,3.3,4.4,8,12,12,8GB,DDR4,512GB,15.6,4GB,52
115600,Asus,Intel,Core i5,11th Gen,2.4,4.2,4,8,8,8GB,DDR4,512GB SSD,14,Shared,67
112200,Asus,Intel,Core i7,11th Gen,2.8,4.7,4,8,12,16GB,DDR4,512GB,14,Shared,42
117700,Acer,Intel,Core i5,12th Gen,2.8,4.7,12,16,12,16GB ,LPDDR4X,512 GB,14,Shared,56
120440,Acer,Intel,Core i5,12th Gen,2.8,4.7,12,16,12,8GB ,DDR4,512 GB,15.6,4GB,50
119350,Asus,Intel,Core i7,11th Gen,2.8,4.7,8,4,8,8GB,DDR4,512GB,15.6,2GB,42
119350,Asus,Intel,Core i7,11th Gen,2.8,4.7,4,8,12,8GB ,DDR4,512GB,15.6,2GB,42
122110,ASUS,Intel,Core i7,11th Gen,3.3,4.8,4,8,12,8GB ,DDR4,512GB,15.6,Shared,63
122110,Asus,Intel,Core i7,11th Gen,2.8,4.7,4,8,12,16GB  ,DDR4,512GB,14,2GB,42
121000,MSI,AMD,Ryzen 5,5th Gen,3.3,4.2,6,12,16,8GB,DDR4,512GB,15.6,4GB,53
122060,MSI,Intel,Core i5,11th Gen,2.7,4.5,6,16,12,8GB,DDR4,512GB,15.6,Shared,51
126500,GIGABYTE,Intel,Core i5,12th Gen,2.7,4.5,12,16,18,8GB,DDR4,512GB SSD,15.6,4GB,54
126500,Asus,AMD,Ryzen 5,4th Gen,3,4,6,12,8,8GB,DDR4,512GB,15.6,4GB,48
126450,Asus,Intel,Core i7,11th Gen,2.8,4.7,4,8,12,8GB ,DDR4,512GB,15.6,2GB,42
130900,ASUS,Intel,Core i5,11th Gen,2.4,4.2,4,8,8,8GB ,LPDDR4X,512GB,14,Shared,63
126450,Asus,Intel,Core i7,11th Gen,2.8,4.7,4,8,12,8GB ,DDR4,512GB,15.6,2GB,42
129120,MSI,Intel,Core i5,12th Gen,3.3,4.4,8,12,12,8GB,DDR4,512GB,15.6,4GB,53
129700,Lenovo,Intel,Core i5,11th Gen,3.1,4.4,4,8,8,16GB,DDR4,512GB,16,2GB,75
129800,Acer,Intel,Core i5,12th Gen,3.1,4.4,12,16,18,8GB,DDR4,512 GB,15.6,4GB,57
129800,Asus,AMD,Ryzen 5,4th Gen,3,4,6,12,8,8GB,DDR4,512GB,17.3,4GB,48
136490,ASUS,Intel,Core i7,11th Gen,2.8,4.7,4,8,12,16GB,DDR4,512GB,13.3,Shared,33
137500,Asus,AMD,Ryzen 7,4th Gen,2.9,4.2,8,16,8,16GB,DDR4,512GB,15.6,4GB,48
138380,Asus,AMD,Ryzen 5,5th Gen,2.3,4.3,6,12,16,16GB,LPDDR4x,512GB,14,Shared,75
138600,Asus,Intel,Intel Core,12th Gen,2.3,4.3,12,16,18,16GB ,DDR4,512GB,16,Shared,70
143000,ASUS,Intel,Core i5,11th Gen,2.7,4.5,6,12,12,8GB,DDR4,512GB,15.6,4GB,48
143000,Asus,AMD,Ryzen 7,4th Gen,2.9,4.2,8,16,8,16GB ,DDR4,512GB,17.3,4GB,48
143810,ASUS,AMD,Ryzen 5,4th Gen,3,4,6,12,8,16GB ,DDR4,512GB SSD,15.6,4GB,63
145930,Lenovo,Intel,Core i7,11th Gen,3.3,4.8,4,8,12,16 GB,DDR4,"256GB  SSD
1TB  HDD",15.6,4GB,45
142020,Asus,Intel,Core i5,11th Gen,2.4,4.2,4,8,8,8GB,LPDDR4X,512GB,14,Shared,63
145930,Lenovo,Intel,Core i7,11th Gen,3.3,4.8,4,8,12,16 GB,DDR4,"256GB  SSD
1TB  HDD",15.6,4GB,45
148500,HP,AMD,Ryzen 7,5th Gen,3.2,4.4,8,16,16,16 GB ,DDR4,512 GB,15.6,4 GB,52
220550,HP,NULL,NULL,NULL,NULL,NULL,NULL,NULL,16,NULL,NULL,NULL,NULL,NULL,NULL
149730,Asus,AMD,Ryzen 7,5th Gen,2,2,8,16,16,16GB,LPDDR4x,512GB,14,Shared,75
150820,Lenovo,Intel,Core i7,11th Gen,2.8,2.8,4,8,12,16GB ,DDR4,512GB SSD,14,Integrated,3
148500,MSI,Intel,Core i7,11th Gen,3,4.8,4,8,12,16GB ,LPDDR4x,1TB,14,2GB,52
152990,Apple,Apple,M2 chip,NULL,2.4,2.4,8,8,20,8GB,DDR4,256GB,13.6,Shared,52
152990,Apple,Apple,M2 chip,NULL,2.4,2.4,8,8,20,8GB,DDR4,256GB,13.6,Shared,52
152990,Apple,Apple,M2 chip,NULL,2.4,2.4,8,8,20,8GB,DDR4,256GB,13.6,Shared,52
152990,Apple,Apple,M2 chip,NULL,2.4,2.4,8,8,20,8GB,DDR4,256GB,13.6,Shared,52
155160,Lenovo,NULL,NULL,NULL,NULL,NULL,NULL,NULL,20,NULL,NULL,NULL,NULL,NULL,NULL
155160,MSI,Intel,Core i7,11th Gen,1.2,4.8,4,8,12,16GB ,LPDDR4,NVMe PCIe Gen4x4 SSD,14,4GB,52
154000,Acer,AMD,Ryzen 5,6th Gen,3.3,4.5,6,12,16,8GB,DDR5,1 TB,15.6,4GB,57
154000,ASUS,AMD,Ryzen 7,6th Gen,3.2,4.7,8,16,16,8GB,DDR5,512GB,15.6,4GB,56
154000,Asus,Intel,Core i5,12th Gen,3.3,4.4,8,12,12,8GB,DDR5,512GB,15.6,4GB,76
154000,Asus,AMD,Ryzen 7,4th Gen,2.9,4.2,8,16,8,8GB,DDR4,512GB,15.6,4GB,56
155100,ASUS,AMD,Ryzen 7,NULL,2.9,4.2,8,16,20,16GB,DDR4,512GB,15.6,4GB,63
156200,Microsoft,Intel,Core i5,11th Gen,2.4,4.2,4,8,8,16GB,LPDDR4x,512GB,13.5,Shared,47
152000,Microsoft,Intel,Core i5,12th Gen,2.4,4.2,10,12,12,8GB,LPDDR5,256GB,13,Shared,47
156200,ASUS,Intel,Core i7,11th Gen,2.3,4.6,8,16,24,8GB,DDR4,512GB,15.6,4GB,48
151800,Acer,AMD,Ryzen 7,5th Gen,2.3,4.6,8,16,16,16GB,DDR4,256GB + 1TB,15.6,4GB,57
160580,ASUS,AMD,Ryzen 7,6th Gen,3.2,4.7,8,16,16,16GB,DDR5,512GB,16,NULL,70
161670,GIGABYTE,Intel,Core i5,12th Gen,3.2,4.7,12,16,18,8GB,DDR4,512GB SSD,15.6,6GB,54
160080,ASUS,AMD,Ryzen 7,7th Gen,4,4,10,16,16,16GB,DDR4,512GB,15.6,4GB,63
166550,Apple,NULL,NULL,NULL,NULL,NULL,NULL,NULL,12,NULL,NULL,NULL,NULL,NULL,NULL
166550,Apple,NULL,NULL,NULL,NULL,NULL,NULL,NULL,16,NULL,NULL,NULL,NULL,NULL,NULL
158500,Lenovo,Intel,Core i5,11th Gen,2.4,4.2,4,8,8,8GB,DDR4,512GB,14,Shared,50
166590,Asus,Intel,Core i7,11th Gen,2.8,4.7,4,8,12,16GB ,LPDDR4X,512GB,14,Shared,63
169260,Asus,Intel,Core i7,11th Gen,2.8,4.7,4,8,12,16GB  ,LPDDR4X,512GB,14,Shared,63
168760,ASUS,AMD,Ryzen 9,5th Gen,3.3,3.3,8,16,16,16GB,DDR4,512GB,15.6,4GB,63
170500,ASUS,Intel,Intel Core,11th Gen,2.9,5,4,8,12,16GB,LPDDR4X,512GB,14,Shared,70
170500,Asus,Intel,Core i5,12th Gen,3.3,4.4,8,12,12,16GB ,DDR5,512GB,15.6,4GB,76
172420,Microsoft,Intel,Core i5,12th Gen,3.3,4.4,10,12,12,16GB ,LPDDR5X,512GB,13.5,Shared,47
176000,Asus,Intel,Core i7,12th Gen,2.3,2.3,14,20,24,8GB,DDR5,512GB,15.6,4GB,56
180400,Asus,Intel,Core i7,11th Gen,3.3,4.8,4,8,12,16GB ,DDR4,512GB,16,4GB,96
182600,ASUS,AMD,Ryzen 7,6th Gen,3.2,4.7,8,16,16,16GB,DDR5,512GB,15.6,NULL,56
182600,ASUS,AMD,Ryzen 7,6th Gen,3.2,4.7,8,16,16,16GB,DDR5,512GB,15.6,NULL,56
183950,Lenovo,NULL,NULL,NULL,NULL,NULL,NULL,NULL,8,NULL,NULL,NULL,NULL,NULL,NULL
183048,ASUS,Intel,Core i7,11th Gen,2.8,4.7,4,8,12,16GB,LPDDR4X,512GB,14,Shared,70
187710,Apple,Apple,M2 chip,NULL,2.4,2.4,8,8,20,8GB,DDR4,512GB,13.6,Shared,52
187000,Asus,Intel,Core i7,12th Gen,2.3,4.7,10,16,24,16GB ,DDR5,512GB,15.6,4GB,76
188790,Microsoft,Intel,Core i7,11th Gen,3,4.8,4,8,12,16GB,LPDDR4x,512GB,15,Shared,47
189200,Asus,AMD,Ryzen 7,5th Gen,3.2,4.4,8,16,16,16GB ,DDR4,512GB,15.6,6GB,90
191500,Lenovo,Intel,Core i7,11th Gen,2.8,4.7,4,8,12,16GB,DDR4,1TB SSD,13.3,Integrated,50
190460,Asus,AMD,Ryzen 7,5th Gen,2.8,4.4,8,16,16,16GB ,DDR4,512GB,16,4GB,96
192050,Microsoft,Intel,Core i5,11th Gen,2.6,4.4,4,8,8,16GB,LPDDR4x,256GB,14.4,Integrated,NULL
187710,Apple,Apple,M2 chip,NULL,2.4,2.4,8,8,20,8GB,DDR4,512GB,13.6,Shared,52
195800,ASUS,AMD,Ryzen 7,4th Gen,2.9,4.2,8,16,8,16GB,DDR4,512GB,15.6,6GB,90
199100,Apple,NULL,NULL,NULL,NULL,NULL,NULL,NULL,12,NULL,NULL,NULL,NULL,NULL,NULL
190500,Lenovo,Intel,Core i5,11th Gen,2.4,4.2,4,8,8,16GB,DDR4,512GB,14,4GB,50
200200,Asus,Intel,Core i5,12th Gen,3.3,4.4,8,12,12,16GB ,DDR5,512GB,15.6,6GB,76
204120,MSI,Intel,Core i7,11th Gen,2.3,4.6,8,16,24,16GB ,DDR4,512GB,16,6GB,90
193000,Lenovo,Intel,Core i7,11th Gen,2.8,4.7,4,8,12,16GB,DDR4,512GB,14,4GB,50
206800,ASUS,AMD,Ryzen 7,6th Gen,3.2,4.7,8,16,16,16GB,DDR5,512GB,15.6,NULL,90
217800,Asus,Intel,Core i7,12th Gen,2.3,4.7,10,16,24,16GB,DDR5,512GB,15.6,6GB,76
229480,ASUS,AMD,Ryzen 7,6th Gen,3.2,4.7,8,16,16,16GB,DDR5,512GB,15.6,6GB,90
231690,Acer,Intel,Core i7,12th Gen,3.5,4.7,14,20,24,16GB,DDR4,1 TB,15.6,6GB,57
237490,MSI,Intel,Core i7,13th Gen,2.2,5,12,16,18,16GB,LPDDR5,1TB,16,Shared,82
240330,ASUS,AMD,Ryzen 7,6th Gen,3.2,4.7,8,16,16,16GB,DDR5,512GB,17.3,6GB,90
241460,GIGABYTE,Intel,Core i7,11th Gen,2.3,4.6,8,16,24,16GB ,DDR4,1TB,15.6,8GB,99
240870,GIGABYTE,Intel,Core i7,12th Gen,2.3,2.3,14,20,24,16GB ,DDR4,1TB,15.6,6GB,99
233275,ASUS,Intel,i7-12700H,12th Gen,2.3,4.7,14,20,24,16GB  ,LPDDR5,1TB,14.5,Shared,76
235000,Apple,NULL,NULL,NULL,NULL,NULL,NULL,NULL,24,NULL,NULL,NULL,NULL,NULL,NULL
246300,GIGABYTE,Intel,Core i7,10th Gen,2.2,5,8,16,16,32GB ,DDR4,512GB,15.6,8GB,99
253000,Asus,AMD,Ryzen 9,6th Gen,2.4,4.7,8,16,16,16GB,DDR4,1TB,14,8GB,76
257150,MSI,Intel,Core i7,13th Gen,2.4,4.9,10,16,24,16GB ,DDR5,1TB,15.6,6GB,53
258770,Apple,Apple,M2 Pro chip,NULL,NULL,NULL,10,16,8,16GB ,NULL,512GB,14.2,Shared,10
258500,Asus,AMD,Ryzen 7,6th Gen,2.8,4.7,8,16,16,16GB ,DDR5,1TB,15.6,6GB,90
263550,MSI,Intel,Core i7,13th Gen,2.4,4.9,10,16,24,16GB ,DDR5,1TB,17.3,6GB,53
258770,Apple,Apple,M2 Pro chip,NULL,NULL,NULL,10,16,8,16GB ,NULL,512GB,14.2,Shared,10
258230,ASUS,Intel,i7-12700H,12th Gen,2.3,4.7,14,20,24,16GB  ,LPDDR5,512GB,14.5,4GB,76
266000,Lenovo,Intel,Core i7,NULL,2.8,4.7,4,8,12,16GB,LPDDR4x,512GB SSD,14,Shared,57
313500,Dell,Intel,Core i7,12th Gen,2.1,4.7,12,16,18,16GB,LPDDR5,512GB,13.4,Shared,55
335500,Dell,Intel,Core i7,12th Gen,2.1,4.7,10,12,12,16GB,DDR5,512GB,14,Shared,60
367820,MSI,Intel,Core i7,13th Gen,2.4,5,14,20,24,16GB,DDR5,2TB,17.3,8GB,65
375410,Dell,Intel,Core i7,12th Gen,2.3,2.3,14,20,24,16GB,DDR5,512GB,15.6,4GB,86
385000,Apple,Apple,M2 Pro chip,NULL,NULL,NULL,12,16,8,16GB ,NULL,1TB,16.2,Shared,10
381920,ASUS,Intel,i9-12900H,12th Gen,2.5,5,14,20,24,32GB  ,LPDDR5,1TB,16,6GB,96
462000,Dell,Intel,Core i7,12th Gen,2.3,2.3,14,20,24,16GB,DDR5,1TB,17,6GB,97
836890,MSI,Intel,Core i9,13th Gen,2.2,5.6,24,32,36,64GB ,DDR5,4TB ,17.3,16GB,99
59400,Lenovo,Intel,Core i3,11th,3,4.1,2,4,6,8GB,DDR4,1TB,14,Shared,38
65450,Lenovo,Intel,Core i3,11th,3,4.1,2,4,6,8GB,DDR4,512GB,14,Shared,38
59400,Lenovo,Intel,Core i3,11th,3,4.1,2,4,6,8GB,DDR4,1TB,14,Shared,38
69850,Lenovo,Intel,Core i3,12th Gen,3,4.1,6,8,10,8GB,DDR4,512GB,15.6,Shared,45
92400,Lenovo,Intel,Core i5,12th Gen,3.3,4.4,10,12,12,8GB,DDR4,512GB SSD,15.6,Shared,45
118800,Lenovo,Intel,Core i5,12th Gen,3.3,4.4,10,12,12,16GB,DDR4,512GB ,15.6,2GB,76
126500,Lenovo,Intel,Core i5,12th Gen,3.3,4.4,10,12,12,16GB,DDR4,512GB,14,Shared,52
154000,Lenovo,Intel,Core i5,12th,3.3,4.4,8,12,12,16GB ,DDR4,512GB,16,4GB,71
269500,Lenovo,Intel,Core i7,12th Gen,3.6,4.8,14,20,24,16GB,DDR5,1TB,14,Shared,75
275590,Lenovo,Intel,Core i7,12th Gen,2.3,2.3,14,20,24,16GB,DDR5,1TB SSD,16,6GB,80
302500,Dell,Intel,Core i7,11th Gen,2.3,4.6,8,16,24,16GB  ,DDR4,1TB,15.6,4GB,86
295710,ASUS,AMD,Ryzen 7,5th Gen,3.2,3.2,8,16,16,16GB,DDR4,1TB,16,6GB,90
301130,Apple,NULL,NULL,NULL,NULL,NULL,NULL,NULL,16,NULL,NULL,NULL,NULL,NULL,NULL
314500,Apple,NULL,NULL,NULL,NULL,NULL,NULL,NULL,8,NULL,NULL,NULL,NULL,NULL,NULL
325000,ASUS,AMD,Ryzen 7,5th Gen,3.3,4.6,8,16,16,32GB,DDR4,1TB,16,6GB,90
335500,Dell,Intel,Core i7,11th Gen,1.2,4.8,4,8,12,16GB,DDR4,512GB,14,Shared,88
331510,Lenovo,AMD,Ryzen 7,3.2 GHz up to 4.4 GHz,NULL,NULL,8,16,16,16GB,DDR4,1TB,16,16GB,80
340690,Asus,AMD,Ryzen 9,5th Gen,3,4.8,8,16,16,32GB,DDR4,1TB SSD,13.4,4GB,62
349500,Apple,Apple,M2 Pro chip,NULL,NULL,NULL,12,16,8,16GB ,NULL,1TB,14.2,Shared,10
358640,Lenovo,AMD,Ryzen 9,5th Gen,3.3,3.3,8,16,16,16GB,DDR4,1TB,16,16GB,80
358640,ASUS,AMD,Ryzen 7,5th Gen,3.3,4.6,8,16,16,32GB,DDR4,1TB,16,8GB,90
379210,Asus,Intel,i9-12900H,12th Gen,2.5,5,14,20,24,32GB,DDR5,1TB SSD,16,8GB,90
393860,ASUS,Intel,Core i7,11th Gen,2.3,4.6,8,16,24,32GB,DDR4,1TB,16,6GB,90
422070,Apple,NULL,NULL,NULL,NULL,NULL,NULL,NULL,24,NULL,NULL,NULL,NULL,NULL,NULL
412500,Apple,Apple,M1 Max Pro,NULL,NULL,NULL,10,NULL,16,32GB,NULL,1TB,16.2,Shared,10
667280,Apple,NULL,NULL,NULL,NULL,NULL,NULL,NULL,8,NULL,NULL,NULL,NULL,NULL,NULL
566500,MSI,Intel,Core i9,13th Gen,2.2,5.6,24,32,36,32GB ,DDR5,2TB,16,8GB,99
246300,MSI,Intel,Core i7,12th Gen,2.3,4.7,10,16,24,16GB ,DDR5,1TB,17.3,6GB,53
68300,MSI,Intel,Core i3,11th Gen,3,4.1,2,4,6,8GB ,DDR4,512GB,14,Shared,39
79750,MSI,Intel,Core i5,11th Gen,2.4,4.2,4,8,8,8GB ,DDR4,512GB,15.6,Shared,39
177940,Lenovo,Intel,Core i7,12th,2.3,4.7,10,16,24,16GB ,DDR4,512GB,16,4GB,71
275590,Lenovo,Intel,Core i7,12th Gen,3.4,4.7,12,16,18,16GB,DDR5,1TB,14,Shared,75
203980,Lenovo,Intel,Core i7,12th Gen,3.4,4.7,12,16,18,16GB,DDR5,1TB SSD,13.3,Integrated,50
167090,Lenovo,Intel,Core i7,12th Gen,3.4,4.7,10,12,12,16GB,DDR4,512GB ,15.6,2GB,76
160580,Lenovo,Intel,Core i7,12th Gen,3.4,4.7,10,12,12,16GB,DDR4,512GB,14,Shared,52
269080,Lenovo,Intel,Core i7,12th Gen,2.3,2.3,14,20,24,16GB,DDR5,512GB,15.6,8GB,80
268860,Lenovo,Intel,Core i7,12th Gen,2.3,2.3,14,20,24,16GB,DDR5,1TB,15.6,6GB,80
275590,Lenovo,Intel,Core i7,12th Gen,2.3,2.3,14,20,24,16GB,DDR5,1TB SSD,16,6GB,99
182280,Lenovo,Intel,Core i7,12th Gen,2.3,2.3,14,20,24,16GB,DDR5,512GB,14,2GB,61
99000,MSI,Intel,Core i5,11th Gen,2.7,4.5,6,12,12,8GB,DDR4,512GB,15.6,4GB,51
104160,Lenovo,Intel,Core i5,11th Gen,2.6,4.4,4,8,8,8GB ,DDR4,"1TB HDD
256GB NVME SSD",15.6,4GB,NULL
115010,Apple,Apple,M1 chip,NULL,2,2,8,8,16,8GB,DDR4,256GB,13.3,Shared,49
48830,Acer,Intel,Core i3,11th Gen,1.7,4.1,2,4,6,4GB,DDR4,1TB HDD,15.6,Shared,36
49910,HP,Intel,Intel Celeron,Not Applicable,1.1,2.8,2,2,4,4GB,DDR4,256GB SSD,15.6,Shared,41
49910,Acer,Intel,Core i3,11th Gen,3,4.1,2,4,6,4GB,DDR4,1TB HDD,15.6,Shared,36
51320,Lenovo,Intel,Core i3,10th Gen,1.2,3.4,2,4,4,4GB,DDR4,256GB SSD,15.6,Shared,35
55340,HP,AMD,AMD Athlon,Not Applicable,2.3,3.2,2,2,5,8GB,DDR4,256GB SSD,15.6,Shared,NULL
55660,Lenovo,AMD,Ryzen 3,Not Applicable,2.6,3.5,2,4,5,8GB,DDR4,512GB SSD,15.6,Shared,42
57290,Dell,AMD,Ryzen 3,Not Applicable,2.6,3.5,2,4,5,8GB,DDR4,256GB SSD,15.6,Shared,41
62170,Dell,Intel,Core i3,11th Gen,2.6,4.1,2,4,6,8GB,DDR4,256GB SSD,15.6,Shared,41
62710,Dell,Intel,Core i3,11th Gen,2.6,4.1,2,4,6,8GB,DDR4,256GB SSD,15.6,Shared,41
65640,Hp,AMD,Ryzen 3,Not Applicable,2.6,3.8,4,8,4,8GB,DDR4,512GB SSD,15.6,Shared,41
66730,HP,Intel,Core i3,12th Gen,2.6,4.4,6,8,10,4GB,DDR4,256GB SSD,15.6,Shared,NULL
67600,Acer,Intel,Core i5,11th Gen,2.4,4.2,4,8,8,8GB,DDR4,1TB HDD,15.6,Shared,36
69440,Acer,Intel,Core i5,11th Gen,2.4,4.2,4,8,8,8GB,DDR4,1TB HDD+256GB SSD,15.6,Shared,36
69980,Acer,Intel,Core i5,11th Gen,2.4,4.2,4,8,8,8GB,DDR4,1TB HDD,15.6,Shared,36
69980,HP,Intel,Core i3,12th Gen,2.4,4.4,6,8,10,8GB,DDR4,512GB SSD,15.6,Shared,41
93530,Dell Inspiron,Intel,Core i5,11th Gen,2.4,4.2,4,8,8,8GB,DDR4,512GB SSD,15.6,2GB,41
49910,HP,Intel,Intel Celeron,Not Applicable,1.1,4,2,2,4,4GB,DDR4,256GB SSD,15.6,Shared,NULL
32010,Dynabook,Intel,Intel Celeron,Not Applicable,1.9,3.8,2,2,2,4GB,DDR4,128GB SSD,14,Shared,45
33420,Dynabook,Intel,Intel Celeron,Not Applicable,1.9,3.6,2,2,2,4GB,DDR4,256GB SSD,14,Shared,45
38300,Lenovo,Intel,Intel Celeron,Not Applicable,1.1,2.8,2,2,4,4GB,DDR4,1TB HDD,15.6,Shared,35
38300,Lenovo,Intel,Intel Celeron,Not Applicable,1.1,2.8,2,2,4,4GB,DDR4,256GB SSD,15.6,Shared,35
38630,Lenovo,Intel,Intel Celeron,Not Applicable,1.1,2.8,2,2,4,4GB,DDR4,128GB eMMC,10.1,Shared,39
38520,Lenovo,Intel,Intel Celeron,Not Applicable,1.1,2.8,2,2,4,4GB,DDR4,1TB HDD,15.6,Shared,35
38840,Lenovo,Intel,Intel Celeron,Not Applicable,1.1,2.8,2,2,4,4GB,DDR4,256GB SSD,15.6,Shared,35
39390,Lenovo,Intel,Intel Celeron,Not Applicable,1.1,2.8,2,2,4,4GB,DDR4,256GB SSD,14,Shared,37
39390,Lenovo,Intel,Intel Celeron,Not Applicable,1.1,2.8,2,2,4,4GB,DDR4,256GB SSD,15.6,Shared,NULL
42100,Asus,Intel,Intel Celeron,Not Applicable,1.1,2.8,2,2,4,4GB,DDR4,1TB HDD,15.6,Shared,37
43080,Dell,Intel,Intel Celeron,Not Applicable,1.1,2.8,2,2,4,4GB,DDR4,1TB HDD,15.6,Shared,37
43400,Asus,Intel,Intel Celeron,Not Applicable,1.1,2.8,2,2,4,4GB,DDR4,1TB HDD,15.6,Shared,37
44270,Asus,Intel,Intel Celeron,Not Applicable,1.1,2.8,2,2,4,4GB,DDR4,1TB HDD,14,Shared,37
44270,Asus,Intel,Intel Celeron,Not Applicable,1.1,2.8,2,2,4,4GB,DDR4,1TB HDD,15.6,Shared,41
44270,Asus,Intel,Intel Celeron,Not Applicable,1.1,2.8,2,2,4,4GB,DDR4,1TB HDD,15.6,Shared,NULL
44700,Hp,Intel,Intel Celeron,Not Applicable,1.1,2.8,2,2,4,4GB,DDR4,1TB HDD,15.6,Shared,37
44810,Dell,Intel,Intel Pentium,Not Applicable,1.1,3.1,4,4,4,4GB,DDR4,1TB HDD,15.6,Shared,36
44490,Asus,Intel,Intel Celeron,Not Applicable,1.1,3.4,2,2,4,4GB,DDR4,1TB HDD,15.6,Shared,42
46220,Acer,AMD,Ryzen 3,Not Applicable,2.6,3.5,2,4,5,4GB,DDR4,1TB HDD,14,Shared,42
48610,Dell,Intel,Core i3,11th Gen,3,4.1,2,4,6,4GB,DDR4,1TB HDD,14,Shared,45
48280,Asus,Intel,Intel Celeron,Not Applicable,1.1,2.8,2,2,4,4GB,DDR4,512GB SSD,15.6,Shared,NULL
48720,Dynabook,Intel,Core i3,10th Gen,2.1,4.1,2,4,4,8GB,DDR4,256GB SSD,14,Shared,37
48830,Acer,AMD,Ryzen 3,Not Applicable,2.6,3.5,2,4,4,8GB,DDR4,256GB SSD,15.6,Shared,37
50240,Asus,Intel,Core i3,10th Gen,2.1,4.1,2,4,4,4GB,DDR4,1TB HDD,15.6,Shared,37
50240,Asus,Intel,Core i3,10th Gen,2.1,4.1,2,4,4,4GB,DDR4,1TB HDD,15.6,Shared,37
50240,Asus,Intel,Core i3,10th Gen,2.1,4.1,2,4,4,4GB,DDR4,1TB HDD,14,Shared,37
50240,Asus,Intel,Core i3,10th Gen,2.1,4.1,2,4,4,4GB,DDR4,256GB SSD,14,Shared,37
50780,Asus,Intel,Core i3,10th Gen,2.1,4.1,2,4,4,4GB,DDR4,1TB HDD,15.6,Shared,42
50780,Asus,Intel,Core i3,10th Gen,1.2,3.4,2,4,4,4GB,DDR4,1TB HDD,15.6,Shared,42
51320,Asus,Intel,Intel Celeron,Not Applicable,1.1,2.8,2,2,4,4GB,DDR4,256GB SSD,11.6,Shared,36
51760,Dell,Intel,Core i3,11th Gen,3,4.1,2,4,6,4GB,DDR4,1TB HDD,14,Shared,36
51760,Dell,Intel,Core i3,11th Gen,3,4.1,2,4,6,8GB,DDR4,1TB HDD,14,Shared,37
52950,Acer,Intel,Core i3,11th Gen,3,4.1,2,4,6,8GB,DDR4,256GB SSD,15.6,Shared,41
53170,Acer,Intel,Core i3,11th Gen,1.7,4.1,2,4,6,8GB,DDR4,1TB HDD+256GB SSD,15.6,Shared,41
54470,Asus,AMD,Ryzen 3,Not Applicable,2.6,3.5,2,4,5,4GB,DDR4,1TB HDD,14,Shared,NULL
55010,Dell,Intel,Core i3,11th Gen,2.6,4.1,2,4,6,4GB,DDR4,256GB SSD,15.6,Shared,37
56420,Dell,Intel,Core i3,11th Gen,2.6,4.1,2,4,6,4GB,DDR4,1TB HDD,15.6,Shared,37
56100,Asus,Intel,Core i3,11th Gen,2.6,4.1,2,4,6,4GB,DDR4,1TB HDD,15.6,Shared,37
56200,Asus,AMD,Ryzen 3,Not Applicable,2.6,3.5,2,4,4,4GB,DDR4,1TB HDD,15.6,Shared,38
56200,Asus,Intel,Core i3,11th Gen,2.6,4.1,2,4,6,4GB,DDR4,1TB HDD,15.6,Shared,38
55880,Asus,Intel,Core i3,11th Gen,2.6,4.1,2,2,6,4GB,DDR4,1TB HDD,15.6,Shared,38
56640,Lenovo,Intel,Core i3,11th Gen,3,4.1,2,4,6,4GB,DDR4,256GB SSD,15.6,Shared,37
56420,Lenovo,Intel,Core i3,11th Gen,3,4.1,2,4,6,4GB,DDR4,256GB SSD,15.6,Shared,37
57830,Lenovo,Intel,Core i3,11th Gen,3,4.1,2,4,6,4GB,DDR4,1TB HDD,15.6,Shared,38
59460,Asus,AMD,Ryzen 3,Not Applicable,2.6,3.5,2,4,5,4GB,DDR4,512GB SSD,15.6,Shared,38
59460,Asus,Intel,Core i3,11th Gen,2.6,4.1,2,4,6,4GB,DDR4,256GB SSD,14,Shared,38
60220,Lenovo,Intel,Core i3,11th Gen,2.6,4.1,2,4,6,8GB,DDR4,1TB HDD,15.6,Shared,38
60000,Lenovo,Intel,Core i3,11th Gen,2.6,4.1,2,4,6,8GB,DDR4,1TB HDD,14,Shared,48
61410,Lenovo,Intel,Core i3,11th Gen,2.6,4.1,2,4,6,8GB,DDR4,256GB SSD,14,Shared,48
61520,Acer,Intel,Core i3,11th Gen,2.6,4.1,2,4,6,4GB,DDR4,1TB HDD+256GB SSD,14,Shared,37
61630,Asus,Intel,Core i3,10th Gen,2.1,4.1,2,4,4,4GB,DDR4,1TB HDD,14,Shared,37
61630,Asus,Intel,Core i3,11th Gen,2.1,4.1,2,4,6,4GB,DDR4,256GB SSD,14,Shared,37
61630,Asus,Intel,Core i3,11th Gen,3,4.1,2,4,6,4GB,DDR4,1TB HDD,15.6,Shared,41
62390,Asus,Intel,Core i3,11th Gen,3,4.1,2,4,6,4GB,DDR4,512GB SSD,15.6,Shared,41
63260,Hp,Intel,Core i3,11th Gen,3,4.1,4,8,8,8GB,DDR4,1TB HDD,15.6,Shared,41
63690,Dell,AMD,Ryzen 3,Not Applicable,2.7,4.1,4,8,8,8GB,DDR4,256GB SSD,15.6,Shared,41
63800,HP,Intel,Core i3,11th Gen,3,4.1,2,4,6,8GB,DDR4,1TB HDD,14,Shared,NULL
64020,HP,Intel,Core i3,11th Gen,2,3.7,4,8,8,8GB,DDR4,1TB HDD,15.6,Shared,41
64670,Hp,Intel,Core i3,11th Gen,2,3.7,4,8,8,8GB,DDR4,1TB HDD,15.6,Shared,37
64670,Hp,Intel,Core i3,11th Gen,2,4.1,2,4,6,8GB,DDR4,1TB HDD,15.6,Shared,NULL
64880,Asus,Intel,Core i3,11th Gen,2,4.1,2,4,6,4GB,DDR4,1TB HDD,14,Shared,42
64560,Asus,Intel,Core i5,10th Gen,1,3.6,4,8,6,4GB,DDR4,1TB HDD,15.6,Shared,40
64880,Lenovo,AMD,Ryzen 5,Not Applicable,2.8,4.3,4,8,6,8GB,DDR5,256GB SSD,14,Shared,42
64880,Acer,Intel,Core i3,Not Applicable,2.8,3.8,8,8,6,8GB,LPDDR5,512GB SSD,15.6,Shared,42
65100,Huawei,Intel,Core i3,11th Gen,3,4.1,2,4,6,8GB,DDR4,256GB SSD,15.6,Shared,37
65100,Huawei,Intel,Core i3,11th Gen,3,4.1,2,4,6,8GB,LPDDR4x,256GB SSD,15.6,Shared,45
65640,Asus,Intel,Core i3,11th Gen,3,4.1,2,4,6,8GB,DDR4,512GB SSD,15.6,Shared,39
65970,Lenovo,Intel,Core i3,11th Gen,3,4.1,2,4,6,8GB,DDR4,512GB SSD,15.6,Shared,45
65970,Lenovo,Intel,Core i3,11th Gen,3,4.1,2,4,6,8GB,DDR4,512GB SSD,14,Shared,42
67050,Asus,Intel,Core i3,11th Gen,3,4.1,2,4,6,4GB,DDR4,1TB HDD,14,Shared,42
67050,Asus,Intel,Core i3,11th Gen,3,4.1,2,4,6,4GB,DDR4,1TB HDD,15.6,Shared,NULL
67810,Asus,Intel,Core i5,10th Gen,3.6,3.6,4,8,6,8GB,DDR4,1TB HDD,15.6,Shared,37
67810,Asus,Intel,Core i3,11th Gen,3.6,4.1,2,4,6,8GB,DDR4,512GB SSD,15.6,Shared,37
67810,Asus,Intel,Core i3,11th Gen,3.6,4.1,2,4,6,8GB,DDR4,1TB HDD,15.6,Shared,37
67810,Asus,Intel,Core i3,11th Gen,3.6,4.1,2,4,6,8GB,DDR4,512GB SSD,14,Shared,45
68030,Lenovo,Intel,Core i3,11th Gen,3.6,4.1,2,4,6,4GB,DDR4,512GB SSD,14,Shared,NULL
68140,Asus,Intel,Core i5,10th Gen,3.6,3.6,4,8,6,8GB,DDR4,1TB HDD,15.6,Shared,40
68140,Acer,Intel,Core i3,12th Gen,3.6,4.4,6,8,10,8GB,DDR4,512GB SSD,15.6,Shared,NULL
68900,Hp,Intel,Core i3,12th Gen,3.6,4.4,6,8,10,8GB,DDR4,256GB SSD,15.6,Shared,42
69220,Asus,Intel,Core i3,11th Gen,3.6,4.1,2,4,6,4GB,DDR4,256GB SSD,14,Shared,42
69220,Asus,Intel,Core i3,11th Gen,3,4.1,2,4,6,4GB,DDR4,256GB SSD,15.6,Shared,42
69440,Dell,Intel,Core i5,11th Gen,2.4,4.2,4,8,8,4GB,DDR4,1TB HDD,14,Shared,45
70310,Lenovo,Intel,Core i3,12th Gen,2.4,4.4,6,8,10,8GB,DDR4,512GB SSD,15.6,Shared,45
70310,Lenovo,Intel,Core i3,12th Gen,2.4,4.4,6,8,10,8GB,DDR4,512GB SSD,15.6,Shared,42
71390,Asus,Intel,Core i3,11th Gen,2.4,4.1,2,4,6,4GB,DDR4,512GB SSD,15.6,Shared,41
71940,Dell,Intel,Core i3,12th Gen,1.2,4.4,6,8,10,8GB,DDR4,512GB SSD,15.6,Shared,41
71940,Dell,Intel,Core i3,12th Gen,1.2,4.4,6,8,10,8GB,DDR4,512GB SSD,15.6,Shared,48
72700,Acer,Intel,Core i5,11th Gen,2.4,4.2,4,8,8,8GB,DDR4,512GB SSD,14,Shared,37
73780,Asus,Intel,Core i5,11th Gen,2.4,4.2,4,8,8,4GB,DDR4,1TB,15.6,Shared,40
73560,Acer,AMD,Ryzen 5,5th Gen,2.8,4.3,4,8,6,8GB,DDR5,512GB SSD,15.6,Shared,42
74000,Asus,Intel,Core i3,11th Gen,2.8,4.1,2,4,6,4GB,DDR4,512GB SSD,15.6,Shared,42
74540,Asus,Intel,Core i3,12th Gen,2.8,4.4,10,12,12,4GB,DDR4,512GB SSD,14,Shared,37
74650,Asus,Intel,Core i5,11th Gen,2.4,4.2,4,8,8,4GB,DDR4,1TB HDD,15.6,Shared,45
75190,HP,AMD,Ryzen 3,Not Applicable,2.6,4,4,8,10,8GB,DDR4,512GB SSD,14,Shared,45
75190,HP,Intel,Core i3,11th Gen,3,4.1,2,4,6,8GB,DDR4,256GB SSD,15.6,Shared,45
75190,HP,Intel,Core i3,11th Gen,3,4.1,2,4,6,8GB,DDR4,256GB SSD,15.6,Shared,42
75410,Asus,Intel,Core i3,11th Gen,3,4.1,2,4,6,8GB,DDR4,512GB SSD,15.6,Shared,42
75410,Asus,Intel,Core i3,11th Gen,3,4.1,2,4,6,8GB,DDR4,512GB SSD,15.6,Shared,42
75410,Asus,Intel,Core i3,12th Gen,1.1,4.4,10,12,12,4GB,DDR4,512GB SSD,15.6,Shared,42
75410,Asus,Intel,Core i3,12th Gen,1.1,4.4,10,12,12,4GB,DDR4,512GB SSD,15.6,Shared,45
75630,Lenovo,Intel,Core i3,11th Gen,3,4.1,2,4,6,8GB,DDR4,512GB SSD,14,Shared,37
75950,Asus,Intel,Core i5,11th Gen,2.4,4.2,4,8,8,4GB,DDR4,1TB HDD,15.6,Shared,41
77360,Dell,AMD,Ryzen 5,Not Applicable,2.3,4.3,6,12,16,8GB,DDR4,512GB SSD,15.6,Shared,48
78990,Asus,Intel,Core i5,10th Gen,1.6,4.2,4,8,6,4GB,DDR4,1TB HDD,14,Shared,41
79210,HP,AMD,Ryzen 5,Not Applicable,2.3,4.3,6,12,19,8GB,DDR4,512GB SSD,15.6,Shared,54
79210,Realme,Intel,Core i5,11th Gen,2.4,4.2,4,8,8,8GB,LPDDR4x,512GB SSD,14,Shared,54
79210,Realme,Intel,Core i5,11th Gen,2.4,4.2,4,8,8,8GB,LPDDR4x,512GB SSD,14,Shared,45
80070,Lenovo,Intel,Core i5,11th Gen,2.4,4.2,4,8,8,8GB,DDR4,512GB SSD,15.6,Shared,41
80620,HP,Intel,Core i5,11th Gen,2.4,4.2,4,8,8,8GB,DDR4,512GB SSD,14,Shared,38
80510,Lenovo,Intel,Core i5,11th Gen,2.4,4.2,4,8,8,8GB,DDR4,512GB SSD,15.6,Shared,45
80620,Lenovo,Intel,Core i5,11th Gen,2.4,4.2,4,8,8,8GB,DDR4,512GB SSD,14,Shared,37
81160,Asus,Intel,Core i5,11th Gen,2.4,4.2,4,8,8,8GB,DDR4,512GB SSD,15.6,Shared,NULL
81590,Asus,Intel,Core i5,11th Gen,2.4,4.2,4,8,8,8GB,DDR4,1TB HDD,15.6,Shared,45
81700,Lenovo,Intel,Core i5,12th Gen,2.4,4.4,10,12,12,8GB,DDR4,256GB SSD,14,Shared,41
81920,HP,Intel,Core i5,11th Gen,2.4,4.2,4,8,8,8GB,DDR4,1TB HDD,15.6,Shared,42
82240,Huawei,Intel,Core i5,11th Gen,2.4,4.2,4,8,8,8GB,DDR4,512GB SSD,15.6,Shared,56
82240,Huawei,Intel,Core i5,11th Gen,2.4,4.2,4,8,8,8GB,DDR4,512GB SSD,14,Shared,42
82240,Huawei,Intel,Core i5,11th Gen,2.4,4.2,4,8,8,8GB,DDR4,512GB SSD,15.6,Shared,45
83550,Lenovo,Intel,Core i5,11th Gen,2.4,4.2,4,8,8,8GB,DDR4,512GB SSD,15.6,2GB,37
83760,Asus,Intel,Core i5,11th Gen,2.4,4.2,4,8,8,8GB,DDR4,512GB SSD,14,Shared,45
84960,Lenovo,Intel,Core i5,11th Gen,2.4,4.2,4,8,8,8GB,DDR4,512GB SSD,14,Shared,42
85500,Asus,Intel,Core i5,11th Gen,2.4,4.2,4,8,8,4GB,DDR4,256GB SSD,14,Shared,40
85500,Acer,Intel,Core i5,12th Gen,2.4,4.4,10,12,12,8GB,DDR4,512GB SSD,15.6,Shared,45
86040,Lenovo,Intel,Core i5,11th Gen,2.4,4.2,4,8,8,8GB,DDR4,512GB SSD,15.6,2GB,50
86580,Asus,Intel,Core i5,11th Gen,2.4,4.2,4,8,8,8GB,DDR4,512GB SSD,14,Shared,42
87670,HP,Intel,Core i5,12th Gen,2.4,4.4,10,12,12,8GB,DDR4,512GB SSD,15.6,Shared,41
88210,Dell,Intel,Core i5,12th Gen,2.4,4.4,10,12,12,8GB,DDR4,512GB SSD,15.6,Shared,41
88210,Dell,Intel,Core i5,12th Gen,2.4,4.4,10,12,12,8GB,DDR4,512GB SSD,15.6,Shared,41
88970,MSI,Intel,Core i5,12th Gen,2.4,4.4,10,12,12,8GB,DDR4,512GB SSD,14,Shared,39
89840,MSI,AMD,Ryzen 7,Not Applicable,1.8,4.3,8,16,12,8GB,DDR4,512GB SSD,15.6,Shared,52
89840,Dell,Intel,Core i7,11th Gen,2.8,4.7,4,8,12,8GB,DDR4,512GB SSD,14,2GB,42
90060,Lenovo,Intel,Core i5,11th Gen,2.4,4.2,4,8,8,8GB,DDR4,512GB SSD,14,2GB,56
90270,Lenovo,Intel,Core i5,11th Gen,2.4,4.2,4,8,8,8GB,DDR4,512GB SSD,14,Shared,45
90380,Asus,Intel,Core i5,11th Gen,2.4,4.2,4,8,8,4GB,DDR4,1TB HDD,14,Shared,42
91140,Dell,Intel,Core i5,11th Gen,2.4,4.5,4,8,8,8GB,DDR4,512GB SSD,15.6,Shared,54
91470,Lenovo,Intel,Core i5,12th Gen,2.4,4.4,10,12,12,8GB,DDR4,512GB SSD,15.6,Shared,45
91680,Acer,Intel,Core i7,11th Gen,2.8,4.7,4,8,12,8GB,DDR4,512GB SSD,14,Shared,48
92770,HP,Intel,Core i5,11th Gen,2.4,4.2,4,8,8,8GB,DDR4,512GB SSD,14,Shared,45
92770,Asus,Intel,Core i5,12th Gen,1.7,4.4,12,16,12,8GB,DDR4,512GB SSD,14,Shared,42
92770,Asus,Intel,Core i5,12th Gen,1.7,4.4,12,16,12,8GB,DDR4,512GB SSD,15.6,Shared,42
93090,Acer,AMD,Ryzen 5,Not Applicable,2.1,4,6,12,11,8GB,DDR4,512GB SSD,15.6,4GB,48
93090,Lenovo,Intel,Core i5,12th Gen,3.3,4.4,10,12,12,8GB,DDR4,512GB SSD,15.6,Shared,45
93640,Asus,Intel,Core i5,11th Gen,2.4,4.2,4,8,8,8GB,DDR4,1TB HDD,15.6,Shared,42
93850,MSI,Intel,Core i7,12th Gen,2.4,4.7,10,12,12,8GB,DDR4,512GB SSD,15.6,Shared,39
94940,Lenovo,AMD,Ryzen 5,Not Applicable,2.1,4,6,12,11,8GB,DDR4,512GB SSD,14,Shared,52
94940,Asus,Intel,Core i5,12th Gen,1.7,4.4,12,16,12,8GB,DDR4,512GB SSD,14,Shared,42
94940,Asus,Intel,Core i5,12th Gen,1.7,4.4,12,16,12,8GB,DDR4,512GB SSD,15.6,Shared,42
95260,Asus,Intel,Core i5,12th Gen,1.3,4.4,10,12,12,8GB,DDR4,512GB SSD,14,Shared,42
95810,Asus,Intel,Core i5,10th Gen,2.4,4.2,4,8,8,8GB,DDR4,512GB SSD,14,Shared,50
95810,Asus,Intel,Core i5,11th Gen,2.4,4.2,4,8,8,8GB,DDR4,512GB SSD,14,Shared,42
97330,Lenovo,Intel,Core i5,11th Gen,2.4,4.2,4,8,8,8GB,DDR4,512GB SSD,14,Shared,45
97430,Asus,AMD,Ryzen 5,Not Applicable,3,4,6,12,11,8GB,DDR4,512GB SSD,15.6,4GB,48
97430,Asus,Intel,Core i5,11th Gen,2.4,4.2,4,8,8,8GB,DDR4,512GB SSD,13.3,Shared,33
97430,MSI,Intel,Core i7,11th Gen,2.4,5,4,8,12,8GB,DDR4,512GB SSD,15.6,Shared,53
98080,MSI,Intel,Core i5,11th Gen,2.7,4.5,6,12,12,8GB,DDR4,512GB SSD,15.6,4GB,51
98300,Lenovo,Intel,Core i5,11th Gen,2.4,4.2,4,8,8,8GB,DDR4,512GB SSD,15.6,Shared,45
98520,Asus,Intel,Core i5,11th Gen,2.4,4.2,4,8,8,8GB,DDR4,512GB SSD,14,Shared,50
98520,Asus,Intel,Core i5,12th Gen,1.3,4.4,10,12,12,8GB,DDR4,512GB SSD,14,Shared,42
98520,HP,Intel,Core i5,12th Gen,1.3,4.4,10,12,12,8GB,DDR4,512GB SSD,14,Shared,51
98520,Hp,Intel,Core i5,12th Gen,1.3,4.4,10,12,12,8GB,DDR4,512GB SSD,15.6,Shared,51
98740,Asus,Intel,Core i5,10th Gen,2.5,4.5,4,8,8,8GB,DDR4,512GB SSD,15.6,4GB,48
99600,Asus,Intel,Core i5,11th Gen,2.4,4.2,4,8,8,8GB,DDR4,512GB SSD,15.6,2GB,42
100360,Asus,Intel,Core i5,11th Gen,2.4,4.2,4,8,8,8GB,DDR4,512GB SSD,15.6,2GB,42
100690,HP,Intel,Core i5,12th Gen,4.4,4.4,12,16,12,8GB,DDR4,512GB SSD,15.6,Shared,41
100690,HP,Intel,Core i5,12th Gen,4.4,4.4,12,16,12,8GB,DDR4,512GB SSD,15.6,Shared,41
101230,Dell,Intel,Core i7,12th Gen,4.4,4.7,10,12,12,8GB,DDR4,512GB SSD,15.6,Shared,NULL
101770,Acer,AMD,Ryzen 5,,2,4.5,6,12,19,8GB,DDR4,512GB SSD,14,Shared,48
102530,Asus,Intel,Core i5,11th Gen,2.4,4.2,4,8,8,8GB,DDR4,512GB SSD,15.6,2GB,50
102860,Asus,Intel,Core i5,11th Gen,2.4,4.2,4,8,8,8GB,DDR4,512GB SSD,13.3,Shared,66
103940,Asus,Intel,Core i7,11th Gen,2.8,4.7,4,8,12,8GB,DDR4,512GB SSD,15.6,Shared,37
104160,Lenovo,Intel,Core i5,11th Gen,2.8,4.4,4,8,8,8GB,DDR4,1TB HDD+256GB SSD,15.6,4GB,45
104700,Asus,Intel,Core i5,11th Gen,2.4,4.2,4,8,8,8GB,DDR4,512GB SSD,15.6,Shared,42
104700,Asus,Intel,Core i5,11th Gen,2.4,4.2,4,8,8,8GB,DDR4,512GB SSD,15.6,Shared,42
104920,Lenovo,Intel,Core i5,11th Gen,2.4,4.2,4,8,8,8GB,DDR4,512GB SSD,14,Shared,52
105790,Acer,Intel,Core i5,12th Gen,2.4,4.4,12,16,12,8GB,DDR4,512GB SSD,15.6,4GB,50
106870,Asus,AMD,Ryzen 5,Not Applicable,2.1,4,6,12,11,8GB,LPDDR4x,512GB SSD,14,Shared,67
107200,Asus,Intel,Core i5,12th Gen,2.8,4.7,12,16,12,8GB,DDR4,512GB SSD,14,Shared,48
107630,Asus,Intel,Core i5,11th Gen,2.4,4.2,4,8,8,8GB,DDR4,512GB SSD,15.6,2GB,42
107630,Asus,Intel,Core i5,11th Gen,2.4,4.2,4,8,8,8GB,DDR4,512GB SSD,15.6,2GB,42
107630,Asus,Intel,Core i5,11th Gen,2.4,4.2,4,8,8,8GB,DDR4,512GB SSD,15.6,2GB,42
107740,Lenovo,Intel,Core i7,11th Gen,2.8,4.7,4,8,12,8GB,DDR4,512GB SSD,14,Shared,45
107740,Lenovo,Intel,Core i7,11th Gen,2.8,4.7,4,8,12,8GB,DDR4,512GB SSD,15.6,Shared,45
107960,Asus,Intel,Core i5,11th Gen,2.4,4.2,4,8,8,8GB,DDR4,512GB SSD,15.6,2GB,42
108280,Asus,Intel,Core i5,11th Gen,2.4,4.2,4,8,8,8GB,DDR4,512GB SSD,14,Shared,50
109590,Acer,Intel,Core i5,12th Gen,3.3,4.4,12,16,12,8GB,DDR4,512GB SSD,15.6,4GB,50
110130,Dell,Intel,Core i7,11th Gen,2.8,4.7,4,8,12,8GB,DDR4,1TB HDD,14,Shared,42
109590,Asus,Intel,Core i5,11th Gen,2.4,4.2,4,8,8,8GB,DDR4,512GB SSD,15.6,2GB,52
110130,Lenovo,AMD,Ryzen 7,Not Applicable,1.8,4.3,8,16,11,16GB,DDR4,512GB SSD,14,Shared,42
109040,Asus,Intel,Core i5,11th Gen,2.4,4.2,4,8,8,8GB,DDR4,512GB SSD,15.6,2GB,50
110670,Asus,Intel,Core i5,11th Gen,2.4,4.2,4,8,8,8GB,DDR4,512GB SSD,15.6,2GB,42
110670,Asus,Intel,Core i5,11th Gen,2.4,4.2,4,8,8,8GB,DDR4,512GB SSD,15.6,2GB,42
111540,Asus,AMD,Ryzen 5,Not Applicable,2.3,4.3,6,12,16,8GB,DDR4,512GB SSD,14,Shared,48
111540,Acer,Intel,Core i5,12th Gen,2.3,4.4,12,16,12,16GB,DDR4,512GB SSD,15.6,4GB,50
111760,Lenovo,AMD,Ryzen 7,,1.9,4.4,8,16,19,16GB,DDR4,512GB SSD,14,Shared,56
112840,Microsoft,Intel,Core i3,10th Gen,1.3,3.9,2,4,4,8GB,DDR4,128GB SSD,10.5,Shared,NULL
115010,Apple,Apple,Apple M1,Not Applicable,1.3,3.4,8,Not Applicable,0,8GB,DDR4,256GB SSD,13.3,Shared,49
115010,Apple,Apple,Apple M1,Not Applicable,1.3,4.4,8,Not Applicable,0,8GB,DDR4,256GB SSD,13.3,Shared,49
115880,Asus,Intel,Core i7,11th Gen,2.8,4.7,4,8,12,8GB,DDR4,512GB SSD,15.6,Shared,42
118050,Gigabyte,Intel,Core i5,11th Gen,2.8,4.5,6,12,12,16GB,DDR4,512GB SSD,15.6,4GB,48
118050,Lenovo,Intel,Core i5,11th Gen,2.4,4.2,4,8,8,8GB,DDR4,512GB SSD,14,Shared,45
118810,Lenovo,Intel,Core i5,11th Gen,3.1,4.4,4,8,8,8GB,DDR4,512GB SSD,15.6,4GB,45
118810,Asus,Intel,Core i7,11th Gen,2.8,4.7,4,8,12,16GB,DDR4,512GB SSD,14,Shared,50
119130,Acer,Intel,Core i5,12th Gen,2.8,4.4,12,16,12,16GB,LPDDR4x,512GB SSD,14,Shared,56
119890,Lenovo,Intel,Core i5,12th Gen,3.3,4.4,10,12,12,16GB,DDR4,512GB SSD,15.6,2GB,76
120440,Acer,Intel,Core i5,12th Gen,3.3,4.4,12,16,12,8GB,DDR4,512GB SSD,15.6,4GB,50
120440,Asus,Intel,Core i7,11th Gen,2.8,4.7,4,8,12,8GB,DDR4,512GB SSD,15.6,2GB,42
119350,Asus,Intel,Core i7,11th Gen,2.8,4.7,4,8,12,8GB,DDR4,256GB SSD,15.6,2GB,42
122060,MSI,Intel,Core i5,11th Gen,2.8,4.5,6,12,12,8GB,DDR4,512GB SSD,15.6,4GB,51
122390,Asus,Intel,Core i5,11th Gen,2.8,4.5,4,8,8,8GB,DDR4,512GB SSD,14,Shared,63
122390,Asus,Intel,Core i5,11th Gen,2.4,4.2,4,8,8,8GB,DDR4,512GB SSD,13.3,Shared,66
122390,Asus,Intel,Core i7,11th Gen,2.8,4.7,4,8,12,16GB,DDR4,512GB SSD,14,Shared,50
122610,Asus,Intel,Core i7,11th Gen,2.8,4.8,4,8,12,8GB,DDR4,512GB SSD,15.6,Shared,63
120440,Asus,Intel,Core i5,11th Gen,2.4,4.2,4,8,8,8GB,LPDDR4x,1TB SSD,14,Shared,63
124230,Asus,Intel,Core i7,11th Gen,2.8,4.7,4,8,12,16GB,DDR4,512GB SSD,14,2GB,42
124230,Asus,Intel,Core i7,11th Gen,2.8,4.7,4,8,12,16GB,DDR4,512GB SSD,14,2GB,42
124230,Asus,Intel,Core i7,11th Gen,2.8,4.7,4,8,12,16GB,DDR4,512GB SSD,14,Shared,63
126950,Asus,Intel,Core i7,11th Gen,2.8,4.7,4,8,12,8GB,DDR4,512GB SSD,15.6,2GB,42
126950,Asus,AMD,Ryzen 5,Not Applicable,3,4,6,12,11,8GB,DDR4,512GB SSD,15.6,4GB,48
126950,Asus,Intel,Core i5,11th Gen,3.1,4.4,4,8,8,16GB,DDR4,512GB SSD,15.6,4GB,50
126950,Asus,Intel,Core i7,11th Gen,2.8,4.7,4,8,12,8GB,DDR4,512GB SSD,15.6,2GB,42
129120,MSI,Intel,Core i5,12th Gen,2.8,4.4,8,12,12,8GB,DDR4,512GB SSD,15.6,4GB,53
130740,Lenovo,Intel,Core i5,11th Gen,2.8,4.4,4,8,8,16GB,DDR4,512GB SSD,16,2GB,NULL
130740,Asus,AMD,Ryzen 5,,3,4,6,12,11,8GB,DDR4,512GB SSD,17.3,4GB,48
131290,Acer,Intel,Core i5,12th Gen,2.5,4.5,12,16,18,8GB,DDR4,512GB SSD,15.6,4GB,57
132370,MSI,Intel,Core i7,11th Gen,2.5,4.6,8,16,24,8GB,DDR4,1TB SSD,15.6,4GB,52
135080,Dell,Intel,Core i5,12th Gen,2.5,4.4,10,12,12,8GB,DDR4,512GB SSD,14,Shared,54
136490,Asus,Intel,Core i7,11th Gen,2.8,4.7,4,8,12,16GB,DDR4,512GB SSD,13.3,Shared,66
138340,Asus,AMD,Ryzen 7,Not Applicable,2.9,4.2,8,16,12,16GB,DDR4,512GB SSD,15.6,4GB,48
138880,Microsoft,Intel,Core i5,11th Gen,2.4,4.2,4,8,8,8GB,LPDDR4x,256GB SSD,13,Shared,NULL
139970,HP,AMD,Ryzen 5,,3.3,4.2,6,12,19,8GB,DDR4,512GB SSD,16.1,Shared,70
138880,Asus,AMD,Ryzen 5,Not Applicable,2.3,4.3,6,12,16,16GB,LPDDR4x,512GB SSD,14,Shared,75
144090,Asus,Intel,Core i7,12th Gen,1.7,4.7,10,12,12,16GB,DDR5,512GB SSD,13.3,Shared,66
143220,Microsoft,Intel,Core i5,12th Gen,4.4,,10,12,12,8GB,LPDDR5x,256GB,13.5,Shared,45
144310,Asus,Intel,Core i5,11th Gen,4.4,4.5,6,12,12,8GB,DDR4,512GB SSD,15.6,4GB,48
144310,Asus,AMD,Ryzen 7,Not Applicable,2.9,4.2,8,16,12,16GB,DDR4,512GB SSD,17.3,4GB,48
144310,Asus,AMD,Ryzen 5,Not Applicable,3.3,4.2,6,12,19,16GB,DDR4,512GB SSD,15.6,4GB,50
144310,Asus,Intel,Core i5,11th Gen,2.4,4.2,4,8,8,8GB,LPDDR4x,512GB SSD,14,Shared,63
145930,Lenovo,Intel,Core i7,11th Gen,3.3,4.8,4,8,12,16GB,DDR4,1TB HDD+256GB SSD,15.6,4GB,45
148100,Microsoft,Intel,Core i5,11th Gen,2.4,4.2,4,8,8,8GB,DDR4,512GB SSD,13.5,Shared,45
150600,Microsoft,Microsoft,,Not Applicable,2.4,4.8,,,8,8GB,LPDDR4x,128GB SSD,13,Shared,47
149730,Asus,AMD,Ryzen 7,Not Applicable,2,4.5,8,16,20,16GB,LPDDR4x,512GB SSD,14,Shared,75
151360,Lenovo,Intel,Core i7,11th Gen,2.8,4.7,4,8,12,16GB,DDR4,512GB SSD,14,Shared,56
152770,Asus,Intel,Core i7,12th Gen,1.7,4.7,10,12,12,16GB,DDR5,512GB SSD,13.3,Shared,66
153530,Acer,AMD,Ryzen 7,Not Applicable,3.2,4.4,8,16,16,16GB,DDR4,1TB HDD+256GB SSD,15.6,4GB,57
152990,Apple,Apple,Apple M2,Not Applicable,3.2,4.1,8,Not Applicable,0,8GB,DDR4,256GB SSD,13.6,Shared,52
152990,Apple,Apple,Apple M2,Not Applicable,3.2,3.8,8,Not Applicable,0,8GB,DDR4,256GB SSD,13.6,Shared,52
155700,Asus,AMD,Ryzen 7,,2.9,4.2,8,16,12,8GB,DDR4,512GB SSD,15.6,4GB,56
155700,Acer,AMD,Ryzen 5,Not Applicable,3.3,4.5,6,12,16,8GB,DDR5,1TB SSD,15.6,4GB,57
155160,Lenovo,Intel,Core i7,11th Gen,2.8,4.7,4,8,12,16GB,DDR4,512GB SSD,14,2GB,52
155700,Asus,AMD,Ryzen 7,Not Applicable,3.2,4.7,8,16,20,8GB,DDR5,512GB SSD,15.6,4GB,56
155700,Asus,Intel,Core i5,12th Gen,3.2,4.4,8,12,12,8GB,DDR5,512GB SSD,15.6,4GB,76
155160,Lenovo,Intel,Core i5,12th Gen,3.3,4.4,8,12,12,16GB,DDR4,512GB SSD,16,4GB,71
155160,Asus,AMD,Ryzen 7,Not Applicable,3.2,4.4,8,16,20,16GB,DDR4,512GB SSD,15.6,4GB,63
156780,Microsoft,Intel,Core i5,12th Gen,3.2,4.4,10,10,12,8GB,LPDDR5,256GB SSD,13,Shared,47
157870,Apple,Apple,Apple M1,Not Applicable,3.2,4.4,8,Not Applicable,0,8GB,,256GB SSD,13.3,Shared,58
159280,Asus,Intel,Core i7,11th Gen,2.8,4.7,4,8,12,16GB,DDR4,512GB SSD,13.3,Shared,66
160580,Asus,AMD,Ryzen 7,Not Applicable,3.2,4.7,8,16,16,16GB,LPDDR5,512GB SSD,16,Shared,70
160580,Asus,AMD,Ryzen 7,Not Applicable,3.2,4.7,8,16,16,16GB,LPDDR5,512GB SSD,16,Shared,70
160580,Lenovo,Intel,Core i7,12th Gen,3.2,4.7,10,12,12,16GB,LPDDR4x,512GB SSD,14,Shared,52
161670,Gigabyte,Intel,Core i5,12th Gen,2.5,4.5,12,16,18,8GB,DDR4,512GB SSD,15.6,6GB,54
166550,Apple,Apple,Apple M2,Not Applicable,2.5,4.7,8,,0,8GB,,256GB SSD,13.3,Shared,58
167090,Lenovo,Intel,Core i7,12th Gen,3.5,4.7,10,12,12,16GB,DDR4,512GB SSD,15.6,2GB,76
169800,Asus,AMD,Ryzen 9,Not Applicable,3.3,4.6,8,16,20,16GB,DDR4,512GB SSD,15.6,4GB,50
169260,Acer,Intel,Core i7,12th Gen,3.3,4.7,14,20,24,16GB,DDR4,1TB HDD+512GB SSD,15.6,4GB,57
171970,Microsoft,Intel,Core i7,11th Gen,3,4.8,4,8,12,8GB,DDR4,512GB SSD,15,Shared,45
171430,Microsoft,Intel,Core i7,11th Gen,3,4.8,4,8,12,16GB,LPDDR4x,256GB SSD,15,Shared,45
171430,Asus,Intel,Core i7,11th Gen,3,5,4,8,12,16GB,LPDDR4x,512GB,14,Shared,70
171970,Asus,Intel,Core i5,12th Gen,3,4.4,8,12,12,16GB,DDR5,512GB SSD,15.6,4GB,76
172520,Microsoft,Intel,Core i5,12th Gen,3,4.4,10,12,12,16GB,LPDDR5x,512GB SSD,13.5,Shared,NULL
177400,Asus,Intel,Core i7,12th Gen,3,4.7,14,20,24,8GB,DDR5,512GB SSD,15.6,4GB,56
176860,Acer,Intel,Core i7,11th Gen,2.4,4.6,8,16,24,16GB,DDR4,1TB HDD+512GB SSD,15.6,4GB,NULL
177940,Lenovo,Intel,Core i7,12th Gen,2.4,4.7,10,16,24,16GB,DDR4,512GB SSD,16,4GB,71
182280,Lenovo,Intel,Core i7,12th Gen,2.4,4.7,14,20,24,16GB,DDR5,512GB SSD,14,2GB,NULL
183370,Asus,AMD,Ryzen 7,Not Applicable,3.2,4.7,8,16,20,16GB,DDR5,512GB SSD,15.6,4GB,90
183370,Asus,AMD,Ryzen 7,Not Applicable,3.2,4.7,8,16,20,16GB,DDR4,512GB SSD,15.6,4GB,90
185540,MSI,Intel,Core i5,12th Gen,3.2,4.4,4.4,12,12,16GB,DDR5,1TB SSD,15.6,6GB,53
187710,Apple,Apple,Apple M2,Not Applicable,3.2,4.4,8,Not Applicable,0,8GB,,512GB SSD,13.6,Shared,52
187710,Asus,Intel,Core i7,11th Gen,2.8,4.7,4,8,12,16GB,LPDDR4x,512GB SSD,14,Shared,52
188250,Asus,Intel,Core i7,12th Gen,2.3,4.7,10,16,24,16GB,DDR5,512GB SSD,15.6,4GB,70
188790,Microsoft,Intel,Core i7,11th Gen,3,4.8,4,8,12,16GB,LPDDR4x,512GB SSD,15,Shared,76
190420,Asus,AMD,Ryzen 7,Not Applicable,3.2,4.4,8,16,20,16GB,DDR4,512GB SSD,15.6,6GB,47
191500,Asus,AMD,Ryzen 7,Not Applicable,3.2,4.4,8,16,20,16GB,DDR4,512GB SSD,16,4GB,90
191500,Lenovo,Intel,Core i7,11th Gen,2.8,4.7,4,8,12,16GB,DDR4,1TB SSD,13.3,Shared,96
190960,Lenovo,Intel,Core i7,11th Gen,2.8,4.7,4,8,12,16GB,DDR4,1TB SSD,13.3,Shared,50
192050,Microsoft,Intel,Core i5,11th Gen,3.1,4.4,4,8,8,16GB,LPDDR4x,256GB SSD,14.4,Shared,50
192050,Apple,Apple,Apple M2,Not Applicable,3.1,4.4,8,Not Applicable,0,8GB,,512GB SSD,13.3,Shared,58
193130,MSI,Intel,Core i5,12th Gen,3.1,4.4,8,12,12,16GB,DDR5,512GB SSD,15.6,6GB,58
196930,Asus,AMD,Ryzen 7,Not Applicable,2.9,4.2,8,16,12,16GB,DDR4,512GB SSD,15.6,6GB,53
200180,Acer,Intel,Core i7,11th Gen,2.3,4.6,8,16,24,16GB,DDR4,1TB HDD+512GB SSD,15.6,6GB,90
201270,Asus,Intel,Core i5,12th Gen,2.3,4.4,8,12,24,16GB,DDR5,512GB SSD,15.6,6GB,NULL
203980,Lenovo,Intel,Core i7,12th Gen,3.4,4.7,12,16,18,16GB,DDR5,1TB SSD,13.3,Shared,70
207780,Asus,AMD,Ryzen 7,Not Applicable,3.2,4.7,8,16,20,16GB,DDR5,512GB SSD,15.6,6GB,76
210490,Microsoft,Intel,Core i7,12th Gen,3.2,4.7,10,12,12,16GB,LPDDR5,512GB SSD,13,Shared,50
214830,Microsoft,Intel,Core i7,12th Gen,3.2,4.7,10,12,12,16GB,LPDDR5x,512GB SSD,13.5,Shared,90
219710,Asus,Intel,Core i7,12th Gen,3.2,4.7,10,16,24,16GB,DDR5,512GB SSD,15.6,6GB,47
229480,Asus,AMD,Ryzen 7,Not Applicable,3.2,4.7,8,16,20,16GB,DDR5,512GB SSD,15.6,6GB,76
232190,Acer,Intel,Core i7,12th Gen,3.2,4.7,14,20,24,16GB,DDR4,1TB SSD,15.6,6GB,90
235450,MSI,Intel,Core i7,13th Gen,3.2,4.9,10,16,24,16GB,DDR5,1TB SSD,15.6,6GB,57
240330,Asus,AMD,Ryzen 7,Not Applicable,3.2,4.7,8,16,20,16GB,DDR5,512GB SSD,17.3,6GB,53
238700,Asus,Intel,Core i7,12th Gen,3.2,4.7,14,20,24,16GB,LPDDR5,1TB SSD,14.5,Shared,90
243040,Apple,Apple,Apple M2,Not Applicable,3.2,4.7,8,Not Applicable,0,16GB,,512GB SSD,13.3,Shared,76
246300,MSI,Intel,Core i7,12th Gen,3.2,4.7,10,16,24,16GB,DDR5,1TB SSD,17.3,6GB,58
254430,Asus,AMD,Ryzen 9,Not Applicable,3.3,4.9,8,16,20,16GB,DDR5,1TB SSD,14,8GB,53
254430,Microsoft,Intel,Core i7,12th Gen,3.3,4.8,10,12,12,32GB,LPDDR5,1TB SSD,13,Shared,76
259860,Asus,AMD,Ryzen 7,Not Applicable,3.2,4.7,8,13,20,16GB,DDR4,1TB SSD,15.6,6GB,70
263550,MSI,Intel,Core i7,13th Gen,3.2,4.9,10,16,24,16GB,DDR5,1TB SSD,17.3,6GB,47
268860,Lenovo,Intel,Core i7,12th Gen,3.5,4.7,14,20,24,16GB,DDR5,1TB SSD,15.6,6GB,90
269080,Lenovo,Intel,Core i7,12th Gen,3.5,4.8,14,20,24,16GB,DDR5,1TB SSD,14,Shared,53
269080,Lenovo,Intel,Core i7,12th Gen,3.5,4.7,14,20,24,16GB,DDR5,512GB SSD,15.6,8GB,80
265830,Asus,Intel,Core i7,12th Gen,3.5,4.6,14,20,24,16GB,LPDDR5,512GB SSD,14.5,4GB,75
275590,Lenovo,Intel,Core i7,12th Gen,3.4,4.7,12,16,18,16GB,DDR5,1TB SSD,14,Shared,80
275590,Lenovo,Intel,Core i7,12th Gen,3.4,4.7,14,20,24,16GB,DDR5,1TB SSD,16,6GB,75
275590,Lenovo,Intel,Core i7,12th Gen,3.5,4.7,14,20,24,16GB,DDR5,1TB SSD,16,6GB,80
279930,Lenovo,Intel,Core i7,12th Gen,3.5,4.7,14,20,24,16GB,DDR5,1TB SSD,16,8GB,99
297290,Apple,Apple,Apple M1,Not Applicable,3.5,4.7,8,Not Applicable,0,16GB,,1TB SSD,14.2,Shared,99
296210,Asus,AMD,Ryzen 7,Not Applicable,3.2,4.4,8,16,20,16GB,DDR4,1TB SSD,16,6GB,90
313020,Microsoft,Intel,Core i7,11th Gen,3.2,4.8,4,8,12,32GB,LPDDR4x,1TB SSD,14.4,4GB,56
318990,Apple,Apple,Apple M1,Not Applicable,3.2,4.8,10,Not Applicable,0,16GB,,1TB SSD,14.2,Shared,70
325500,Asus,AMD,Ryzen 9,Not Applicable,3.3,4.6,8,16,20,32GB,DDR4,1TB SSD,16,6GB,90
329840,MSI,Intel,Core i7,13th Gen,3.3,5,14,20,24,16GB,DDR5,2TB SSD,17.3,8GB,65
340690,Asus,AMD,Ryzen 9,Not Applicable,3,4.8,8,16,20,32GB,LPDDR4x,1TB SSD,13.4,4GB & 16GB,62
340690,Apple,Apple,Apple M1,Not Applicable,3,4.8,8,Not Applicable,0,32GB,,1TB SSD,14.2,Shared,70
355880,Apple,Apple,Apple M2,Not Applicable,3,4.8,12,Not Applicable,0,16GB,,1TB SSD,16.2,Shared,10
359140,Asus,AMD,Ryzen 9,Not Applicable,3.3,4.6,8,16,20,32GB,DDR4,1TB SSD,16,8GB,90
367820,MSI,Intel,Core i7,13th Gen,3.3,5,14,20,24,16GB,DDR5,2TB SSD,17.3,8GB,65
375410,Dell,Intel,Core i7,12th Gen,3.3,4.7,14,20,24,16GB,DDR5,512GB SSD,15.6,4GB,86
377580,Apple,Apple,Apple M1,Not Applicable,3.3,4.7,10,Not Applicable,0,32GB,,1TB SSD,14.2,Shared,70
379210,Asus,Intel,Core i9,12th Gen,3.3,5,14,20,24,32GB,DDR5,1TB SSD,16,8GB,90
398200,Apple,Apple,Apple M1,Not Applicable,3.3,5,10,Not Applicable,0,32GB,,1TB SSD,14.2,Shared,70
478490,MSI,Intel,Core i7,13th Gen,3.3,5,16,24,30,32GB,DDR5,2TB SSD,16,8GB,90
557690,MSI,Intel,Core i9,13th Gen,3.3,5.5,24,32,36,32GB,DDR5,2TB SSD,16,8GB,99
667280,Apple,Apple,Apple M1,Not Applicable,3.3,5.5,10,Not Applicable,0,64GB,,4TB SSD,16.2,Shared,10
840770,MSI,Intel,Core i9,13th Gen,3.3,5.6,24,32,36,64GB,DDR5,512GB,17.3,16GB,99
143000,Asus,AMD,Ryzen 7,4th Gen,2.9,4.2,4,4,8,8GB,DDR4,512GB SSD,15.6,Shared,56
162000,Apple,Apple,M2 chip,4th Gen,2.9,4.4,8,2,2,8GB,DDR4,256GB SSD,13.3,4GB,58
47500,LENOVO,Intel,Core i3,10th Gen,1.2,3.4,2,4,4,4GB,DDR4,256GB SSD,15.6,Shared,35
78000,Lenovo,Intel,Core i5,11th Gen,2.4,4.2,2,4,8,8GB,DDR4,512GB SSD,15.6,Shared,38
58000,Lenovo,Intel,Core i3,11th Gen,3,4.1,2,2,6,8GB,DDR4,256GB SSD,14,Shared,45
80500,Lenovo,Intel,Core i5,12th Gen,1.3,4.4,2,4,12,8GB,DDR4,512GB SSD,14,Shared,45
71500,LENOVO,AMD,Ryzen 5,5th Gen,2.3,4.3,NULL,4,16,16GB,DDR4,512GB SSD,14,NULL,45
103000,Lenovo,AMD,Ryzen 7,5th Gen,1.8,4.3,2,4,16,16GB,DDR4,512GB SSD,14,Shared,52.5
88000,LENOVO,AMD,Ryzen 5,5th Gen,2.1,4,2,4,8,8GB,DDR4,512GB SSD,14,Shared,52.5
67000,Lenovo,AMD,Ryzen 5,5th Gen,2.1,4,2,8,2,8GB,DDR4,512GB SSD,15.6,Shared,45
67000,LENOVO,AMD,Ryzen 5,5th Gen,2.3,4.3,2,8,16,8GB,DDR4,256GB SSD,14,Shared,45
75500,Lenovo,AMD,Ryzen 7,5th Gen,1.8,4.3,2,8,8,8GB,DDR4,512GB SSD,14,Shared,38
70000,Lenovo,AMD,Ryzen 5,5th Gen,2.1,4,2,8,6,8GB,DDR4,512GB SSD,14,Shared,45
55000,Lenovo,AMD,Ryzen 3,3th Gen,2.6,3.5,2,8,4,8GB,DDR4,512GB SSD,15.6,Shared,42
87000,HP,Intel,Core i5,11th Gen,2.4,4.2,2,8,8,8GB,DDR4,512GB SSD,14,Shared,45
81000,HP,Intel,Core i5,11th Gen,3.3,4.4,2,8,12,8GB,DDR4,512GB SSD,15.6,Shared,41
47500,HP,Intel,Core i5,11th Gen,1.1,2.8,2,2,12,4GB,DDR4,256GB SSD,15.6,Shared,41
60700,HP,AMD,Ryzen 3,5th Gen,2.1,3.7,2,2,4,8GB,DDR4,512GB SSD,15.6,Shared,41
60000,HP,Intel,Core i3,11th Gen,2.1,3.7,2,2,8,4GB,DDR4,1GB SSD,15.6,Shared,41
62500,HP,Intel,Core i3,11th Gen,2.4,3.7,2,2,8,8GB,DDR4,1GB SSD,15.6,Shared,41
78000,ASUS,Intel,Core i5,11th Gen,2.4,4.2,2,2,8,8GB,DDR4,512GB SSD,15.6,Shared,37
92000,Acer,Intel,Core i5,11th Gen,2.4,4.2,2,2,8,16GB,LPDDR4,"512GB, SSD",14,Shared,14
48500,Acer,AMD,Ryzen 3,3th Gen,2.6,3.5,2,2,4,4GB,DDR4,1TBGB SSD,14,Shared,36
152000,Acer,AMD,Ryzen 7,5th Gen,1.3,3.2,2,2,4,16GB,DDR4,256GB SSD,15.6,Shared,57
63500,Acer,Intel,Core i5,11th Gen,2.4,4.2,2,2,8,8GB,DDR4,1GB SSD,15.6,Shared,36
47500,Acer,Intel,Core i5,11th Gen,2.4,4.1,2,2,12,4GB,DDR4,1GB SSD,15.6,Shared,36
71000,Acer,Intel,Core i5,11th Gen,2.5,4.7,2,2,8,8GB,DDR4,512GB SSD,15.6,Shared,50
101000,ACER,Intel,Core i5,11th Gen,3.3,4.4,2,2,12,8GB,DDR4,TotalGB SSD,15.6,Shared,50
109500,ACER,Intel,Core i5,11th Gen,3.3,4.4,2,2,12,8GB,DDR4,TotalGB SSD,15.6,Shared,50
85000,MSI,Ryzen,"7 5700U,",1th Gen,2.4,4.4,2,2,12,8GB,DDR4,2xGB SSD,15.6,Shared,50
112000,Lenovo,AMD,Ryzen 7,5th Gen,3.2,4.4,2,2,16,16GB,DDR4,1GB SSD,15.6,Shared,45
52500,Acer,Intel,Core i3,11th Gen,2.1,4.1,2,2,6,8GB,DDR4,1GB SSD,15.6,Shared,36
275000,ASUS,AMD,Ryzen 7,5th Gen,3.2,4.4,2,2,16,16GB,DDR4,1TBGB SSD,16,Shared,90
302000,Asus,AMD,Ryzen 9,5th Gen,2.1,4.4,2,4,20,32GB,DDR4,1TBGB SSD,16,Shared,90
115000,ASUS,Intel,Core i5,11th Gen,2.4,4.2,2,2,8,8GB,DDR4,512GB SSD,13.3,Shared,66
101000,Lenovo,AMD,Ryzen 5,5th Gen,3.3,4.2,2,4,16,8GB,DDR4,1TBGB SSD,15.6,Shared,45
150000,Gigabyte,Intel,Core i5,12th Gen,2.1,4.5,2,4,16,8GB,DDR4,512GB SSD,15.6,Shared,54
150000,Gigabyte,Intel,Core i5,12th Gen,2.7,4.5,2,2,18,8GB,DDR4,512GB SSD,15.6,Shared,54
112000,GIGABYTE,Intel,Core i5,11th Gen,2.7,4.5,4,4,16,8GB,DDR4,Gen4-GB SSD,15.6,Shared,48
227000,Gigabyte,Intel,Core i7,11th Gen,2.3,4.6,2,4,24,16GB,DDR4,1TBGB SSD,15.6,Shared,99
245000,GIGABYTE,Intel,Core i7,12th Gen,2.3,4.7,2,4,24,16GB,DDR4,GenGB SSD,15.6,Shared,99
224000,Gigabyte,Intel,Core i7,12th Gen,2.3,4.7,2,4,24,16GB,DDR4,1TBGB SSD,15.6,Shared,99
113000,Asus,AMD,Ryzen 7,5th Gen,1.8,4.3,2,4,12,16GB,LPDDR4,512GB SSD,14,Shared,67
42500,ASUS,Intel,Celeron N4020,9th Gen,1.1,2.8,2,4,4,4GB,DDR4,1TBGB SSD,15.6,Shared,37
62800,Asus,Intel,Core i3,11th Gen,3,4.1,2,4,6,8GB,DDR4,512GB SSD,15.6,Shared,37
69500,Asus,Intel,Core i3,11th Gen,3,4.1,2,4,6,8GB,DDR4,512GB SSD,15.6,Shared,42
52500,Asus,Intel,Core i3,10th Gen,2.1,4.1,4,2,4,4GB,DDR4,256GB SSD,14,Shared,37
49500,Asus,Intel,Core i3,10th Gen,2.1,4.1,2,4,4,4GB,DDR4,1TBGB SSD,14,Shared,37
0,ASUS,Intel,Core i5,11th Gen,3.1,4.4,2,4,8,8GB,DDR4,512GB SSD,15.6,Shared,76
214000,Asus,AMD,Ryzen 7,6th Gen,2.4,4.7,2,4,20,16GB,DDR5,512GB SSD,15.6,Shared,90
330000,ASUS,AMD,Ryzen 9,5th Gen,3.1,4.8,2,4,20,32GB,DDR4,1TBGB SSD,13.4,Shared,62
73000,ASUS,Intel,Core i5,11th Gen,2.4,4.2,2,4,12,8GB,DDR4,512GB SSD,14,Shared,38
123150,Apple,NULL,NULL,NULL,2.4,4.2,2,4,8,8GB,DDR4,256GB SSD,13.3,Shared,49.9
52500,ACER,Intel,Core i3,11th Gen,3,4.1,2,4,10,8GB,DDR4,256GB SSD,15.6,Shared,36
67000,HP,Intel,Core i3,12th Gen,3.3,4.4,2,4,10,8GB,DDR4,512GB SSD,15.6,Shared,41
69000,HP,Intel,Core i5,11th Gen,2.4,4.2,2,4,8,8GB,DDR4,1TBGB SSD,14,Shared,41
177000,Lenovo,Intel,Core i7,11th Gen,2.8,4.7,2,4,12,16GB,DDR4,1TBGB SSD,13.3,Shared,50
774900,MSI,Intel,Core i9,13th Gen,2.4,4.4,2,2,24,64GB,DDR4,2xGB SSD,17.3,Shared,99
155000,MSI,Intel,Core i7,12th Gen,2.4,4.7,4,4,24,8GB,DDR4,512GB SSD,15.6,Shared,53
109000,Lenovo,AMD,Ryzen 7,5th Gen,1.9,4.4,2,4,16,16GB,DDR4,512GB SSD,14,Shared,45
85000,HP,Intel,Core i5,11th Gen,2.4,4.2,2,4,8,8GB,DDR4,512GB SSD,14,Shared,45
63700,HP,Intel,Core i3,12th Gen,3.3,4.4,4,4,10,8GB,DDR4,256GB SSD,15.6,Shared,41
61700,HP,Intel,Core i3,12th Gen,3.3,4.4,2,4,10,4GB,DDR4,256GB SSD,15.6,Shared,41
72000,AVITA,Intel,Core i5,11th Gen,2.4,4.2,2,4,8,8GB,LPDDR4,StorageGB SSD,14,Shared,37
61000,ASUS,Intel,Core i3,11th Gen,3,4.1,2,4,6,8GB,DDR4,512GB SSD,15.6,Shared,37
52000,ASUS,Intel,Core i3,11th Gen,3,4.1,4,4,6,4GB,DDR4,1TBGB SSD,15.6,Shared,37
52000,ASUS,Intel,Core i3,11th Gen,3,4.1,8,4,6,4GB,DDR4,1TBGB SSD,15.6,Shared,37
52000,ASUS,Intel,Core i3,11th Gen,3,4.1,4,4,6,4GB,DDR4,1TBGB SSD,15.6,Shared,37
57500,Asus,Intel,Core i3,10th Gen,2.1,4.1,2,4,4,8GB,DDR4,1TBGB SSD,14,Shared,44
365000,DELL,Intel,Core i9,12th Gen,3.1,5,6,4,24,16GB,DDR5,512GB SSD,15.6,Shared,86
390000,Dell,Intel,Core i9,12th Gen,3.1,5,4,4,24,32GB,DDR5,1GB SSD,15.6,Shared,86
61000,LENOVO,Intel,Core i3,11th Gen,3,4.1,4,8,8,8GB,DDR4,512GB SSD,,Shared,45
99500,LENOVO,Intel,Core i7,11th Gen,2.8,4.7,2,8,24,8GB,DDR4,512GB SSD,14,Shared,45
87000,DELL,Intel,Core i5,11th Gen,2.6,4.4,2,4,12,16GB,DDR4,512GB SSD,14,Shared,42
364990,ASUS,Intel,Core i9,12th Gen,2.5,5,4,8,24,32GB,LPDDR4,1TBGB SSD,14,Shared,96
249990,ASUS,Intel,Core i7,12th Gen,2.3,4.7,4,8,24,16GB,LPDDR4,512GB SSD,14,Shared,76
249990,ASUS,Intel,Core i7,12th Gen,2.3,4.7,2,4,24,16GB,LPDDR4,512GB SSD,14.5,Shared,76
224990,ASUS,Intel,Core i7,12th Gen,2.3,4.7,6,4,24,16GB,LPDDR4,1TBGB SSD,14.5,Shared,76
159000,ASUS,Intel,Core i7,11th Gen,3,4.8,6,8,16,16GB,LPDDR4,512GB SSD,,Shared,70
333000,ASUS,AMD,Ryzen 7,5th Gen,3.3,4.6,2,8,16,32GB,DDR4,1TBGB SSD,16,Shared,90
97330,Lenovo,Intel,Core i5,11th Gen,2.4,4.2,2,8,16,8GB,DDR4,512GB SSD,14,Shared,45
66500,LENOVO,Intel,Core i3,11th Gen,3,4.1,4,4,6,8GB,DDR4,512GB SSD,14,Shared,45
111000,LENOVO,Intel,Core i5,11th Gen,3.1,4.4,4,4,8,8GB,DDR4,512GB SSD,15.6,Shared,75
36000,Lenovo,Intel,Celeron N4020,9th Gen,1.1,2.8,4,4,4,4GB,DDR4,1TBGB SSD,15.6,Shared,40
95000,LENOVO,AMD,Ryzen 5,5th Gen,2.3,4.2,6,4,16,16GB,DDR4,512GB SSD,14,Shared,56
60000,DELL,AMD,Ryzen 3,5th Gen,2.7,4.1,4,4,8,8GB,DDR4,256GB SSD,15.6,Shared,41
59500,ACER,Intel,Core i3,11th Gen,2.2,4.1,4,4,4,4GB,DDR4,1GB SSD,14,Shared,48
79900,ACER,Intel,Core i5,12th Gen,3.3,4.4,2,4,12,8GB,DDR4,512GB SSD,14,Shared,50
47950,Walton,Intel,Core i3,10th Gen,1.2,4.1,4,8,4,8GB,DDR4,512GB SSD,14,Shared,36
156500,MSI,Intel,Core i7,11th Gen,2.4,4.1,2,4,16,16GB,LPDDR4,1TBGB SSD,14,Shared,52
148000,MSI,Intel,Core i7,11th Gen,3,4.6,6,4,16,16GB,LPDDR4,1TBGB SSD,14,Shared,52
222000,MSI,Intel,Core i7,11th Gen,2.4,4.6,6,4,24,16GB,DDR4,512GB SSD,16,Shared,90
58000,HP,Intel,Core i3,10th Gen,1.2,3.4,4,4,4,4GB,DDR4,1TBGB SSD,14,Shared,41
53200,Dell,Intel,Core i3,11th Gen,3,4.1,4,8,4,8GB,DDR4,1TBGB SSD,14,Shared,42
99000,Asus,Intel,Core i5,10th Gen,2.5,4.5,10,8,8,8GB,DDR4,512GB SSD,15.6,Shared,48
55500,ASUS,Intel,Core i3,11th Gen,3,4.1,6,8,4,4GB,DDR4,512GB SSD,14,Shared,38
183000,Apple,NULL,NULL,NULL,2.5,3.7,10,4,4,8GB,DDR4,512GB SSD,13.6,Shared,52
165000,Apple,NULL,NULL,NULL,3.3,3.3,6,4,4,8GB,DDR4,256GB SSD,13.6,Shared,52
91500,LENOVO,Intel,Core i5,11th Gen,2.4,4.2,4,8,8,8GB,DDR4,512GB SSD,15.6,Shared,45
2800,WIWU,Intel,NULL,NULL,2.3,4.1,4,8,8,NULL,DDR4,NULL,NULL,Shared,40
2700,WIWU,NULL,NULL,NULL,1.6,4.4,4,8,8,NULL,DDR4,NULL,NULL,Shared,40
70990,Walton,Intel,Core i7,10th Gen,2.3,4.1,4,4,8,8GB,DDR4,512GB SSD,14,Shared,31
57550,Walton,Intel,Core i5,8th Gen,1.6,3.4,4,8,6,8GB,DDR4,1TBGB SSD,14,Shared,36
55550,Walton,Intel,Core i5,8th Gen,1.6,3.4,4,8,6,8GB,DDR4,1TBGB SSD,14,Shared,36
59990,Walton,Intel,Core i5,10th Gen,1.6,4.1,4,8,6,8GB,DDR4,512GB SSD,14,Shared,31
59990,Walton,Intel,Core i5,10th Gen,1.6,4.1,4,8,6,8GB,DDR4,512GB SSD, ,Shared,31
122850,Walton,Intel,Core i7,10th Gen,2.3,4.2,6,8,16,16GB,DDR4,512GB SSD,15.6,Shared,49
350000,Razer,NULL,NULL,NULL,2.3,4.2,4,4,4,8GB,DDR4,StorageGB SSD,15.6,Shared,80
339900,MSI,Intel,Core i7,13th Gen,3.5,3.4,4,12,24,8GB,DDR5,2xGB SSD,17.3,Shared,65
229900,MSI,Intel,Core i7,12th Gen,3.5,4.7,4,8,24,16GB,DDR5,1TBGB SSD,15.6,Shared,65
108500,MSI,Intel,Core i5,12th Gen,2.4,4.4,4,8,12,8GB,DDR4,512GB SSD,15.6,Shared,52
234900,MSI,Intel,Core i7,12th Gen,1.2,4.8,4,4,24,16GB,DDR5,2xGB SSD,15.6,Shared,53
219900,MSI,Intel,Core i7,13th Gen,2.4,4.7,4,4,24,16GB,LPDDR5,1xGB SSD,16,Shared,81
249900,MSI,Intel,Core i7,12th Gen,3.6,4.8,4,4,24,32GB,LPDDR5,1TBGB SSD,16,Shared,82
145500,MSI,Intel,Core i7,11th Gen,2.4,4.8,4,4,24,16GB,LPDDR4,1TBGB SSD,14,Shared,52
134000,MSI,Intel,Core i7,11th Gen,3,4.8,4,12,12,16GB,LPDDR4,1TBGB SSD,14,Shared,52
76000,MSI,Intel,Core i5,11th Gen,2.4,4.2,4,12,8,8GB,DDR4,512GB SSD,14,Shared,40
87000,MSI,AMD,Ryzen 7,5th Gen,2,4.5,4,4,16,8GB,DDR4,512GB SSD,14,Shared,40
93500,MSI,Intel,Core i7,12th Gen,2.4,4.7,4,8,12,8GB,DDR4,NULL,14,Shared,40
85500,MSI,Intel,Core i7,11th Gen,2.8,4.7,4,12,12,8GB,DDR4,512GB SSD,14,Shared,40
61000,MSI,Intel,Core i3,11th Gen,2.4,4.1,4,8,6,8GB,DDR4,512GB SSD,14,Shared,40
119500,MSI,Intel,Core i5,12th Gen,2.4,4.4,10,12,12,DDR,DDR4,512GB SSD,15.6,Shared,53
92900,MSI,Intel,Core i5,11th Gen,2.7,4.5,NULL,8,12,8GB,DDR4,1TBGB SSD,15.6,NULL,53
169000,MSI,Intel,Core i7,3th Gen,3.5,4.7,4,8,24,16GB,DDR4,512GB SSD,16,Shared,53
173000,LENOVO,Intel,Core i7,12th Gen,2.3,4.7,NULL,8,24,16GB,LPDDR5,512GB SSD,14,NULL,61
193000,LENOVO,Intel,Core i7,12th Gen,2.1,4.7,4,8,24,16GB,LPDDR5,1TBGB SSD,13.3,Shared,50
69500,LENOVO,Intel,Core i5,11th Gen,2.4,4.2,4,8,8,16GB,DDR4,1TBGB SSD,14,Shared,35
84000,LENOVO,Intel,Core i5,11th Gen,2.4,4.2,4,8,8,8GB,DDR4,"Storage:
512GB SSD",14,Shared,45
79750,Lenovo,Intel,Core i3,11th Gen,3,4.1,4,8,6,8GB,DDR4,"Storage:
512GB SSD",14,2GB,45
263000,LENOVO,Intel,Core i7,12th Gen,2.3,4.7,4,8,24,8GB,DDR5,512GB SSD,16,Shared,99
258000,LENOVO,Intel,Core i7,12th Gen,2.3,4.7,4,12,24,8GB,DDR5,512GB SSD,16,Shared,99
332500,Lenovo,AMD,Ryzen 9,5th Gen,3.3,4.6,10,8,16,16GB,DDR4,1TBGB SSD,16,Shared,80
253000,Lenovo,Intel,Core i7,11th Gen,2.3,4.6,4,8,16,16GB,DDR4,1TBGB SSD,16,2GB,80
55500,LENOVO,Intel,Core i3,11th Gen,3,4.1,NULL,8,6,4GB,DDR4,1TBGB SSD,14,NULL,38
65000,LENOVO,Intel,Core i3,12th Gen,1.2,4.4,10,8,6,8GB,DDR4,512GB SSD,15.6,Shared,45
121000,LENOVO,Intel,Core i5,11th Gen,3.3,4.8,10,8,8,8GB,DDR4,512GB SSD,16,Shared,75
55500,LENOVO,Intel,Core i3,11th Gen,4.1,4.1,4,8,6,8GB,DDR4,1TBGB SSD,14,Shared,38
61000,LENOVO,Intel,Core i3,11th Gen,4.1,4.1,4,8,6,RAM:,DDR4,512GB SSD,14,2GB,38
39000,Lenovo,Intel,Celeron N4020,9th Gen,1.1,2.8,4,8,4,4GB,DDR4,GB SSD,15.6,Shared,38
48000,LENOVO,Intel,Core i3,10th Gen,1.2,3.4,4,12,4,4GB,DDR4,1TBGB SSD,15.6,2GB,41
55500,Lenovo,Intel,Core i3,11th Gen,3,4.1,4,8,6,8GB,DDR4,250GB SSD,15.6,Shared,45
55000,Lenovo,Intel,Core i3,11th Gen,3,4.1,10,8,6,4GB,DDR4,256GB SSD,15.6,Shared,45
84000,LENOVO,Intel,Core i5,12th Gen,1.3,4.4,12,12,12,8GB,DDR4,StorageGB SSD,15.6,Shared,45
65000,LENOVO,Intel,Core i3,12th Gen,1.2,4.4,4,12,6,8GB,DDR4,512GB SSD,15.6,Shared,45
75000,LENOVO,Intel,Core i5,12th Gen,1.3,4.4,4,12,12,8GB,DDR4,StorageGB SSD,14,2GB,45
168000,LENOVO,Intel,Core i7,12th Gen,2.3,4.7,4,12,24,8GB,DDR4,512GB SSD,16,Shared,71
111000,LENOVO,Intel,Core i5,12th Gen,1.3,4.4,4,16,12,16GB,DDR4,512GB SSD,15.6,Shared,76
158000,LENOVO,Intel,Core i7,12th Gen,1.7,4.7,4,8,24,16GB,DDR4,512GB SSD,15.6,Shared,76
102999,HUAWEI,Intel,Core i5,12th Gen,3.3,4.4,8,8,12,16GB,LPDDR4,512GB SSD,16,Shared,60
63500,Huawei,Intel,Core i3,11th Gen,2.4,4.1,4,8,6,8GB,DDR4,256GB SSD,15.6,Shared,42
78000,Huawei,Intel,Core i5,11th Gen,2.4,4.2,4,8,8,8GB,DDR4,512GB SSD,15.6,Shared,42
77999,Huawei,Intel,Core i5,11th Gen,2.4,4.2,12,8,8,8GB,DDR4,512GB SSD,14,Shared,56
76000,Huawei,Intel,Core i5,11th Gen,2.4,4.2,6,12,8,8GB,DDR4,512GB SSD,15.6,4GB,42
64000,Huawei,Intel,Core i3,11th Gen,3,4.1,4,8,6,8GB,LPDDR4,256GB SSD,15.6,Shared,42
76000,Huawei,Intel,Core i5,11th Gen,2.4,4.2,4,8,8,8GB,DDR4,512GB SSD,14,2GB,56
150000,HP,Intel,Core i7,11th Gen,2.3,4.6,NULL,16,24,16GB,DDR4,512GB SSD,16.1,NULL,70
71500,HP,Intel,Core i3,11th Gen,3,4.1,4,16,6,8GB,DDR4,256GB SSD,15.6,2GB,45
91000,HP,Intel,Core i5,12th Gen,2.4,4.4,4,12,12,8GB,DDR4,512GB SSD,14,Shared,50
93000,HP,Intel,Core i5,12th Gen,2.4,4.4,4,12,12,8GB,DDR4,512GB SSD,15.6,Shared,41
93000,HP,Intel,Core i5,12th Gen,2.4,4.4,12,8,12,8GB,DDR4,512GB SSD,15.6,Shared,41
103000,HP,Intel,Core i7,11th Gen,2.4,4.7,6,12,12,8GB,DDR4,512GB SSD,15.6,4GB,41
152000,HP,Intel,Core i5,11th Gen,3.1,4.4,10,12,12,16GB,DDR4,1GB SSD,15.6,Shared,52
77000,HP,Intel,Core i5,11th Gen,2.4,4.2,10,16,8,8GB,DDR4,512GB SSD,14,Integrated,40
165000,HP,Intel,Core i7,11th Gen,2.8,4.7,4,16,24,512GB,DDR4,16GB SSD,14,4GB,53
76000,HP,Intel,Core i5,11th Gen,2.4,4.2,6,12,8,8GB,DDR4,1TBGB SSD,15.6,Shared,41
58500,HP,Intel,Core i3,11th Gen,3,4.1,12,8,6,8GB,DDR4,1TBGB SSD,15.6,Shared,41
69000,HP,Intel,Core i5,11th Gen,2.4,4.2,12,8,8,8GB,DDR4,1TBGB SSD,14,Shared,41
81000,HP,Intel,Core i5,12th Gen,2.4,4.4,10,8,8,8GB,DDR4,512GB SSD,15.6,Shared,41
59000,HP,Intel,Core i3,11th Gen,3,4.1,6,12,6,8GB,DDR4,256GB SSD,15.6,Shared,41
73200,HP,AMD,Ryzen 5,5th Gen,2.4,4.3,4,8,16,8GB,DDR4,512GB SSD,15.6,2GB,41
79700,HP,AMD,Ryzen 7,5th Gen,1.8,4.3,4,8,8,8GB,DDR4,512GB SSD,15.6,2GB,41
51200,HP,AMD,Athlon Silver,3th Gen,2.3,3.2,4,12,8,8GB,DDR4,256GB SSD,15.6,Shared,41
83500,HP,Intel,Core i5,11th Gen,2.4,4.2,10,8,12,8GB,DDR4,1GB SSD,15.6,Shared,41
40500,HP,Intel,Pentium 5030,9th Gen,1.1,3,4,8,12,4GB,DDR4,1GB SSD,15.6,Shared,86
82500,Dell,Intel,Core i9,11th Gen,2.5,4.8,4,12,24,32GB,LPDDR4,1TBGB SSD,15.6,Shared,86
86000,Dell,Intel,Core i5,11th Gen,2.4,4.2,4,12,8,8GB,DDR4,512GB SSD,15.6,NULL,41
51000,Dell,Intel,Core i3,11th Gen,3,4.1,12,12,6,"4GB,",DDR4,1TBGB SSD,15.6,4GB,42
90500,Dell,Intel,Core i5,11th Gen,2.4,4.2,8,8,8,8GB,DDR4,512GB SSD,14,Shared,41
52000,Dell,Intel,Core i3,11th Gen,3,4.1,4,8,6,4GB,DDR4,1TBGB SSD,15.6,Shared,41
134000,DELL,Intel,Core i7,12th Gen,2.4,4.7,4,8,12,16GB,DDR4,NULL,16,Shared,54
67000,DELL,Intel,Core i3,12th Gen,2.4,4.4,6,16,10,8GB,DDR4,512GB SSD,15.6,Shared,41
84000,Dell,Intel,Core i5,11th Gen,2.4,4.2,8,16,8,8GB,DDR4,1TBGB SSD,15.6,Shared,41
73000,Dell,Intel,Core i5,11th Gen,2.4,4.2,12,12,8,4GB,DDR4,1TBGB SSD,15.6,4GB,41
161000,Dell,Intel,Core i7,12th Gen,1.8,4.7,4,12,12,16GB,DDR4,512GB SSD,14,2GB,54
125000,Dell,Intel,Core i5,12th Gen,1.8,4.4,4,8,12,8GB,LPDDR4,512GB SSD,14,2GB,54
90990,AVITA,Intel,Core i7,10th Gen,1.8,4.9,4,8,8,16GB,DDR4,1TBGB SSD,14,2GB,59
89000,AVITA,Intel,Core i7,10th Gen,1.8,4.9,12,8,8,16GB,DDR4,1TBGB SSD,14,4GB,76
179990,ASUS,Intel,Core i7,12th Gen,2.1,4.7,8,8,18,16GB,LPDDR5,512GB SSD,13.3,Shared,67
224990,ASUS,Intel,Core i7,12th Gen,2.3,4.7,4,8,16,16GB,LPDDR5,1TBGB SSD,14.5,Shared,76
129500,ASUS,AMD,Ryzen 5,5th Gen,2.4,4.3,4,8,16,16GB,LPDDR4,512GB SSD,14,4GB,63
174000,Asus,Intel,Core i7,11th Gen,2.8,4.7,8,8,8,16GB,LPDDR4,512GB SSD,14,4GB,70
109000,Asus,Intel,Core i5,11th Gen,2.4,4.2,4,16,8,8GB,LPDDR4,512GB SSD,14,Shared,67
100000,ASUS,AMD,RYZEN R5,5th Gen,2.1,4,4,12,8,8GB,LPDDR4,512GB SSD,14,Shared,42
139500,ASUS,AMD,Ryzen 7,5th Gen,2,4.5,12,16,8,8GB,LPDDR4,512GB SSD,14,Shared,63
41000,Asus,Intel,Celeron N4500,9th Gen,1.1,2.8,12,8,4,4GB,DDR4,1TBGB SSD,15.6,4GB,37
42000,Asus,Intel,Celeron N4500,9th Gen,1.1,2.8,8,8,4,4GB,DDR4,1TBGB SSD,15.6,2GB,37
115000,ASUS,Intel,Core i7,11th Gen,2.8,4.7,4,8,12,16GB,DDR4,512GB SSD,15.6,2GB,50
135000,Asus,AMD,Ryzen 5,5th Gen,3.3,4.2,4,8,16,16GB,DDR4,512GBM.2 SSD,15.6,Shared,50
98500,Asus,AMD,Ryzen 7,5th Gen,2.4,4.4,4,8,20,8GB,DDR4,512GBM.2 SSD,15.6,2GB,50
115000,Asus,Intel,Core i7,11th Gen,3.3,4.8,6,8,4,8GB,DDR4,512GBM.2 SSD,15.6,4GB,64
47000,Asus,Intel,Celeron N4500,9th Gen,1.1,2.8,6,8,4,4GB,DDR4,NULL,14,Shared,42
45000,Asus,Intel,Celeron N4500,9th Gen,1.1,4.1,12,16,4,4GB,DDR4,256GB SSD,14,4GB,37
52000,ASUS,Intel,Core i3,10th Gen,2.1,4.1,6,8,4,4GB,DDR4,1TBGB SSD,15.6,4GB,37
50000,ASUS,Intel,Core i3,10th Gen,2.1,4.1,4,8,4,4GB,DDR4,1TBGB SSD,15.6,2GB,37
76500,ASUS,Intel,Core i5,11th Gen,2.4,4.2,4,16,8,8GB,DDR4,512GB SSD,15.6,Shared,37
76500,ASUS,Intel,Core i5,11th Gen,2.4,4.2,4,8,8,8GB,DDR4,512GB SSD,15.6,2GB,37
70500,ASUS,Intel,Core i5,11th Gen,2.4,4.2,8,8,8,4GB,DDR4,1TBGB SSD,15.6,4GB,37
70500,ASUS,Intel,Core i5,11th Gen,2.4,4.2,4,8,8,4GB,DDR4,GB SSD,15.6,2GB,37
74500,ASUS,Intel,Core i5,11th Gen,2.4,4.2,12,12,8,4GB,DDR4,512GB SSD,15.6,4GB,37
70000,ASUS,Intel,Core i5,11th Gen,2.4,4.2,6,16,8,4GB,DDR4,1TBGB SSD,15.6,4GB,37
69000,ASUS,Intel,Core i5,11th Gen,2.4,4.2,4,16,8,4GB,DDR4,1TBGB SSD,15.6,Shared,37
58000,ASUS,Intel,Core i3,11th Gen,3,4.1,8,4,8,4GB,DDR4,512GB SSD,15.6,4GB,37
52000,ASUS,Intel,Core i3,11th Gen,3,4.1,6,4,6,4GB,DDR4,1TBGB SSD,15.6,Shared,37
112000,Asus,Intel,Core i7,11th Gen,2.8,4.7,12,4,24,8GB,DDR4,512GB SSD,15.6,Shared,42
87800,Asus,Intel,Core i5,12th Gen,2.4,4.4,6,8,8,8GB,DDR4,512GB SSD,15.6,4GB,42
88000,ASUS,Intel,Core i5,12th Gen,2.4,4.4,8,12,12,8GB,DDR4,512GB SSD,15.6,4GB,42
69990,ASUS,Intel,Core i3,12th Gen,2.4,4.4,6,8,24,4GB,DDR4,512GB SSD,15.6,4GB,42
78500,ASUS,Intel,Core i5,11th Gen,2.4,4.2,4,8,8,8GB,DDR4,512GB SSD,15.6,4GB,37
75500,ASUS,Intel,Core i5,11th Gen,2.4,4.2,4,8,8,8GB,DDR4,1TBGB SSD,15.6,Shared,37
63000,Asus,Intel,Core i3,11th Gen,3,4.1,4,16,6,8GB,DDR4,1TBGB SSD,15.6,4GB,37
47000,Asus,Intel,Core i3,10th Gen,2.1,4.1,8,12,4,4GB,DDR4,1TBGB SSD,15.6,4 GB,37
105500,Asus,Intel,Core i7,11th Gen,2.8,4.7,NULL,16,12,8GB,DDR4,512GB SSD,15.6,NULL,42
66000,ASUS,Intel,Core i3,11th Gen,3,4.1,8,8,6,8GB,DDR4,512GB SSD,15.6,Shared,42
66000,ASUS,Intel,Core i3,11th Gen,3,4.1,4,8,6,8GB,DDR4,512GB SSD,15.6,Integrated,42
66000,ASUS,Intel,Core i3,11th Gen,3,4.1,4,12,6,8GB,DDR4,512GB SSD,15.6,2GB,42
72000,Asus,Intel,Core i5,11th Gen,2.4,4.2,8,8,8,4GB,DDR4,512GB SSD,14,Shared,37
72500,Asus,Intel,Core i5,11th Gen,2.4,4.2,8,8,8,4GB,DDR4,512GB SSD,14,Shared,37
54000,Asus,Intel,Core i3,11th Gen,3,4.1,8,8,6,4GB,DDR4,256GB SSD,14,Shared,37
87800,ASUS,Intel,Core i5,12th Gen,2.4,4.4,8,8,6,8GB,DDR4,512GB SSD,14,Shared,37
89000,ASUS,Intel,Core i5,12th Gen,2.4,4.4,NULL,8,7,8GB,DDR4,512GB SSD,14,NULL,37
69000,ASUS,Intel,Core i3,12th Gen,2.4,4.4,4,8,24,4GB,DDR4,512GB SSD,14,4GB,40
78500,Asus,Intel,Core i5,11th Gen,2.4,4.2,6,8,8,8GB,DDR4,512GB SSD,14,4GB,37
164000,ASUS,Intel,Core i7,12th Gen,2.3,4.7,8,8,24,8GB,DDR4,512GB SSD,15.6,4GB,90
91999,ASUS,Intel,Core i5,10th Gen,2.5,4.5,8,8,8,8GB,DDR4,512GB SSD,15.6,4GB,48
95000,Asus,Intel,Core i5,10th Gen,2.5,4.5,8,12,8,8GB,DDR4,1TBGB SSD,15.6,4GB,48
203000,Asus,Intel,Core i7,12th Gen,2.3,4.7,8,8,24,16GB,DDR5,512GB SSD,15.6,4GB,76
182000,Asus,Intel,Core i5,12th Gen,2,4.4,4,8,12,16GB,DDR5,512GB SSD,15.6,Shared,76
174000,Asus,Intel,Core i7,12th Gen,2.3,4.7,10,12,24,16GB,DDR5,512GB SSD,15.6,Shared,76
159000,Asus,Intel,Core i5,12th Gen,2,4.4,8,8,12,16GB,DDR5,512GB SSD,15.6,4GB,76
350000,ASUS,Intel,Core i9,12th Gen,2.5,5,8,12,24,32GB,DDR5,1TBGB SSD,16,4GB,90
410000,ASUS,Intel,Core i7,7th Gen,2.9,3.9,8,16,8,64GB,DDR4,1536GB SSD,18.4,NULL,74
272000,Asus,Intel,Core i9,12th Gen,2.5,5,12,16,24,16GB,LPDDR5,1TBGB SSD,13.4,6GB,56
270000,ASUS,AMD,Ryzen 7,5th Gen,3.2,4.4,10,12,8,16GB,DDR4,1TBGB SSD,16,4GB,90
360000,Asus,Intel,Core i7,11th Gen,2.3,4.6,NULL,8,24,32GB,DDR4,1TBGB SSD,16,NULL,90
56000,ASUS,Intel,Core i3,11th Gen,3,4.1,NULL,16,6,4GB,DDR4,1TBGB SSD,15.6,NULL,37
51500,Asus,Intel,Core i3,10th Gen,2.1,4.1,4,8,4,4GB,DDR4,1TBGB SSD,14,Shared,48
108000,ASUS,AMD,Ryzen 5,5th Gen,2.4,4.3,4,12,16,4GB,DDR4,NULL,14,Shared,48
160000,ASUS,Intel,Core i7,11th Gen,2.9,5,4,12,12,16GB,DDR4,512GB SSD,14,Shared,64
110000,ASUS,Intel,Core i5,11th Gen,2.4,4.5,8,12,8,8GB,DDR4,Storage:GB SSD,14,4GB,63
152000,ASUS,Intel,Core i7,11th Gen,2.8,4.7,4,12,12,16GB,DDR4,512GB SSD,13.3,Shared,66
90000,ASUS,Intel,Core i5,11th Gen,2.4,4.2,8,12,8,8GB,DDR4,512GB SSD,13.3,4GB,66
308000,Apple,Apple,M1 Pro,Cth Gen,2,4.2,10,16,16,16GB,DDR4,1TBGB SSD,16.2,Shared,70
222000,Apple,Apple,M1 Pro,Cth Gen,1.6,4.2,14,12,14,16GB,DDR4,512GB SSD,14.2,4GB,70
222000,Apple,Apple,M1 Pro,Cth Gen,1.2,4.2,4,8,16,16GB,DDR4,512GB SSD,14.2,4GB,70
249000,Apple,Apple,M1 Pro,Cth Gen,2.4,4.2,8,8,16,16GB,DDR4,1TBGB SSD,14.2,NULL,70
263000,Apple,Apple,M1 Pro,Cth Gen,4.4,4.2,8,8,16,16GB,DDR4,1TBGB SSD,14.2,NULL,70
85000,ACER,Intel,Core i7,11th Gen,2.4,4.7,NULL,,12,8GB,DDR4,1TBGB SSD,14,NULL,48
89000,Acer,Intel,Core i7,11th Gen,2.5,4.7,4,16,12,8GB,DDR4,512GB SSD,14,Shared,48
68500,Acer,Intel,Core i5,11th Gen,2.4,4.2,8,8,8,8GB,DDR4,1TBGB SSD,14,Shared,48
55000,ACER,Intel,Core i3,11th Gen,2.4,4.1,10,12,6,4GB,DDR4,1TBGB SSD,14,4GB,48
100000,Acer,Intel,Core i5,11th Gen,2.3,4.2,4,16,8,8GB,DDR4,512GB SSD,14,Shared,56
71000,Acer,AMD,Ryzen 5,4th Gen,2.3,4,8,16,16,8GB,LPDDR4,512GB SSD,14,6GB,48
217000,Acer,Intel,Core i7,12th Gen,3.3,4.7,4,16,24,8GB,DDR4,TotalGB SSD,15.6,Integrated,57
121000,ACER,Intel,Core i5,12th Gen,3.3,4.5,8,16,18,8GB,DDR4,SSDGB SSD,15.6,4GB,57
154000,ACER,AMD,Model: AMD,Rth Gen,3.3,4.5,4,12,12,8GB,DDR5,1TBGB SSD,15.6,Integrated,57
95500,Acer,AMD,Ryzen 5-5500U,5th Gen,2.4,4,8,8,16,8GB,DDR4,"512GB, SSD",15.6,Shared,48
117000,ACER,Intel,Core i5,12th Gen,3.3,4.4,8,16,8,8GB,DDR4,512GB SSD,15.6,6GB,50
101000,ACER,Intel,Core i5,12th Gen,3.3,4.4,NULL,12,8,8GB,DDR4,512GB SSD,15.6,NULL,50
80000,Acer,Intel,Core i5,11th Gen,2.4,4.2,4,12,8,8GB,DDR4,512GB SSD,14,4GB,48
63000,Acer,Intel,Core i3,12th Gen,3.3,4.4,8,16,8,8GB,DDR4,512GB SSD,15.6,6GB,40
66000,ACER,Intel,Core i5,11th Gen,2.4,4.2,8,10,8,8GB,DDR4,PCIeGB SSD,15.6,6GB,37
53000,Acer,Intel,Core i3,11th Gen,3,4.1,4,10,4,8GB,DDR4,512GB SSD,15.6,4GB,37
136000,Lenovo,Intel,Core i7,11th Gen,3.3,4.8,8,8,24,16GB,DDR4,1TBGB SSD,15.6,NULL,45
38900,HP,Intel,Pentium 5030,9th Gen,1.1,3,10,16,12,4GB,DDR4,1GB SSD,15.6,6GB,41
165000,Apple,Intel,NULL,NULL,1.1,3,8,16,12,8GB,DDR4,256GB SSD,13.6,6GB,52
70530,Lenovo,Intel,Core i3,11th Gen,3,4.1,14,12,6,8GB,DDR4,512GB SSD,14,6GB,45
68360,Lenovo,Intel,Core i3,11th Gen,3,4.1,12,16,6,4GB,DDR4,512GB SSD,14,Shared,45
255000,LENOVO,Intel,Core i7,11th Gen,2.3,4.6,8,16,24,16GB,DDR4,1TBGB SSD,14,6GB,56
258000,LENOVO,Intel,Core i7,12th Gen,2.3,4.7,8,12,24,16GB,DDR5,1TBGB SSD,16,8GB,80
253000,LENOVO,Intel,Core i7,12th Gen,2.3,4.7,14,16,24,16GB,DDR5,512GB SSD,15.6,6GB,80
248000,LENOVO,Intel,Core i7,12th Gen,2.3,4.7,14,20,24,8GB,DDR5,1TBGB SSD,15.6,Shared,80
97000,LENOVO,Intel,Core i5,11th Gen,2.4,4.2,NULL,8,8,16GB,DDR4,512GB SSD,14,NULL,56
85000,Lenovo,Intel,Core i5,11th Gen,2.4,4.2,8,8,8,8GB,DDR4,1TBGB SSD,15.6,8GB,57
86000,LENOVO,Intel,Core i5,11th Gen,1.3,4.2,8,8,8,16GB,DDR4,512GB SSD,14,8GB,56
93000,Lenovo,AMD,Ryzen 5,5th Gen,2.3,4.2,10,12,12,16GB,DDR4,512GB SSD,14,6GB,56
84500,Walton,Intel,Core i7,11th Gen,1.2,4.7,10,12,24,8GB,DDR4,512GB SSD,14,Shared,49
254900,MSI,Intel,Core i7,13th Gen,1.3,4.2,8,20,24,8GB,DDR5,2xGB SSD,17.3,6GB,53
118000,LENOVO,Intel,Core i5,12th Gen,1.3,4.4,10,16,12,16GB,LPDDR4,512GB SSD,14,6GB,52
154500,ASUS,AMD,Ryzen 7,6th Gen,2.7,4.7,10,16,16,16GB,LPDDR5,1TBGB SSD,13.3,Shared,67
149500,Asus,AMD,Ryzen 7,5th Gen,2.9,4.4,14,20,16,16GB,DDR4,512GB SSD,15.6,4GB,63
227000,MSI,Intel,Core i7,12th Gen,3.5,4.7,4,16,24,16GB,DDR4,1TBGB SSD,15.6,Shared,65
345000,DELL,Intel,Core i7,12th Gen,2.9,4.6,12,16,24,16GB,DDR5,512GB SSD,,Shared,86
44000,ASUS,Intel,Celeron N4020,9th Gen,1.1,2.8,10,12,4,4GB,DDR4,1TBGB SSD,14,Shared,37
74550,Walton,Intel,Core i7,10th Gen,1.3,3.9,14,12,24,8GB,DDR4,512GB SSD,14,8GB,36
54550,Walton,Intel,Core i5,10th Gen,1,3.6,14,8,16,8GB,DDR4,512GB SSD,14,4GB,36
96000,MSI,Intel,Core i5,11th Gen,2.7,4.5,12,16,16,8GB,DDR4,512GB SSD,15.6,Shared,53
145000,Asus,AMD,Ryzen 7,5th Gen,2.4,4.4,14,8,16,16GB,DDR4,512GB SSD,15.6,6GB,63
82500,MSI,Intel,Core i5,12th Gen,2.9,4.4,14,16,12,8GB,DDR4,NULL,15.6,6GB,39
90000,MSI,Intel,Core i5,12th Gen,2.9,4.4,24,16,12,16GB,DDR4,NULL,15.6,16GB,39
89999,ASUS,Ryzen,5 4600H,4th Gen,3,4,2,8,16,8GB,DDR4,512GB SSD,15.6,Shared,48
144000,ASUS,Intel,Core i5,12th Gen,2,4.4,2,8,12,8GB,DDR5,512GB SSD,15.6,Shared,76
240000,ASUS,AMD,Ryzen 7,6th Gen,2.9,4.7,2,8,20,16GB,DDR5,1TBGB SSD,15.6,Shared,90
235000,ASUS,AMD,Ryzen 9,6th Gen,2.9,4.9,6,8,16,16GB,DDR5,1TBGB SSD,14,Shared,76
235000,ASUS,AMD,Ryzen 9,6th Gen,2.9,4.9,10,12,16,16GB,DDR5,1TBGB SSD,14,Shared,76
222000,ASUS,AMD,Ryzen 7,6th Gen,2.9,4.7,10,16,20,8GB,DDR5,512GB SSD,17.3,2GB,90
200000,ASUS,AMD,Ryzen 7,4th Gen,2.9,4.7,10,16,20,8GB,DDR5,512GB SSD,15.6,Shared,90
338000,Asus,AMD,Ryzen 9,5th Gen,2.9,4.6,8,12,20,32GB,DDR4,1TBGB SSD,16,4GB,90
142000,Apple,Intel,NULL,NULL,2.9,4.6,14,16,2,8GB,DDR4,512GB SSD,13.3,Shared,50
142000,Apple,Intel,NULL,NULL,2.9,4.6,14,16,2,8GB,DDR4,512GB SSD,13.3,6GB,50
182000,Asus,AMD,Ryzen 7,4th Gen,3,4.2,8,12,8,16GB,DDR4,512GB SSD,15.6,4GB,90
71990,Asus,Intel,Core i5,11th Gen,3,4.2,8,12,8,8GB,LPDDR4,StorageGB SSD,14,6GB,37
70990,Asus,Intel,Core i5,11th Gen,3,4.2,NULL,16,8,8GB,LPDDR4,StorageGB SSD,14,NULL,38
71990,Asus,Intel,Core i5,11th Gen,3,4.2,NULL,16,8,8GB,LPDDR4,StorageGB SSD,14,NULL,37
190000,Microsoft,Intel,Core i7,11th Gen,3,4.8,8,20,12,16GB,LPDDR4,512GB SSD,13.5,6GB,47
44500,HP,Intel,Pentium Silver N5000,9th Gen,1.1,3.1,4,16,4,4GB,DDR4,1TBGB SSD,15.6,Shared,41
56000,DELL,Intel,Core i3,11th Gen,1.6,4.1,8,16,6,8GB,DDR4,256GB SSD,15.6,16GB,41
54500,Dell,Intel,Core i3,11th Gen,3,4.1,8,20,6,8GB,DDR4,1TBGB SSD,15.6,4GB,41
89990,Avita,Intel,Core i5,10th Gen,1.6,4.2,12,20,6,8GB,DDR4,512GB SSD,14,Shared,37
89990,Avita,Intel,Core i5,10th Gen,1.6,4.2,8,16,6,8GB,DDR4,512GB SSD,14,16GB,37
89500,Avita,Intel,Core i5,10th Gen,1.6,4.2,8,16,6,8GB,DDR4,512GB SSD,14,8GB,37
158000,Asus,Intel,Core i7,11th Gen,2.8,4.7,14,12,12,16GB,LPDDR4,512GB SSD,14,8GB,63
135000,Asus,Intel,Core i5,11th Gen,2.4,4.2,8,13,8,8GB,LPDDR4,512GB SSD,14,6GB,63
149000,Asus,AMD,Ryzen 7,6th Gen,2.4,4.7,NULL,16,20,16GB,DDR5,512GB SSD,16,NULL,70
149000,Asus,AMD,Ryzen 7,6th Gen,2.4,4.7,10,20,12,16GB,DDR5,512GB SSD,16,Shared,70
119000,Asus,Intel,Core i7,11th Gen,2.8,4.7,NULL,20,12,8GB,DDR4,512GB SSD,15.6,NULL,42
102500,Asus,Intel,Core i5,11th Gen,2.4,4.2,24,20,8,8GB,DDR4,512GB SSD,15.6,8GB,42
192000,ASUS,AMD,Ryzen 7,6th Gen,2.4,4.7,10,20,20,16GB,DDR5,512GB SSD,15.6,6GB,41
169500,ASUS,AMD,Ryzen 7,6th Gen,2.4,4.7,2,16,20,16GB,DDR5,512GB SSD,15.6,Shared,90
144000,ASUS,AMD,Ryzen 7,6th Gen,2.4,4.7,4,20,20,8GB,DDR5,512GB SSD,15.6,Shared,90
58500,Asus,AMD,Ryzen 3,3th Gen,2.1,3.5,10,20,5,4GB,DDR4,512GB SSD,15.6,4GB,42
160000,ASUS,Intel,Core i7,10th Gen,2.4,4.9,12,20,8,16GB,LDDR3,1TBGB SSD,14,Shared,66
115000,ASUS,Intel,Core i7,11th Gen,2.8,4.7,12,20,12,16GB,DDR4,512GB SSD,14,Integrated,50
87000,ASUS,Intel,Core i5,11th Gen,2.4,4.2,10,16,8,8G,DDR4,512GB SSD,14,2GB,50
64500,ASUS,Intel,Core i3,11th Gen,3,4.1,10,8,6,8GB,DDR4,512GB SSD,15.6,Shared,42
107000,ASUS,Intel,Core i7,11th Gen,2.8,4.7,14,8,12,8GB,DDR4,StorageGB SSD,14,8GB,42
118000,ASUS,Intel,Core i7,11th Gen,2.8,4.7,14,16,12,8GB,DDR4,StorageGB SSD,14,6GB,42
85000,ASUS,Intel,Core i5,11th Gen,2.4,4.2,14,20,8,8GB,DDR4,512GB SSD,14,6GB,42
71990,ASUS,Intel,Core i5,11th Gen,2.4,4.2,14,16,8,8GB,LPDDR4,StorageGB SSD,14,2GB,37
85000,MSI,AMD,Ryzen 7,5th Gen,1.8,4.3,6,16,12,8GB,DDR4,512GB SSD,14,4GB,39
116500,MSI,Intel,Core i5,11th Gen,2.7,4.5,4,16,12,8GB,DDR4,512GB SSD,15.6,4GB,51
88000,Lenovo,Intel,Core i5,11th Gen,2.4,4.2,8,16,12,8GB,DDR4,512GB SSD,14,Shared,56
78000,Lenovo,AMD,Ryzen 5,5th Gen,2.1,4,,20,16,8GB,DDR4,512GB SSD,14,,56
87000,HP,Intel,Core i5,11th Gen,2.4,4.2,2,20,12,8GB,DDR4,512GB SSD,15.6,Shared,45
78900,HP,AMD,Ryzen 5-5500U,5th Gen,2.1,4,2,20,8,8GB,DDR4,512GB SSD,14,Shared,43
79500,HP,Intel,Core i5,11th Gen,2.6,4.5,2,20,12,8GB,DDR4,512GB SSD,14,Shared,43
242500,HP,AMD,Ryzen 9,5th Gen,2.6,4.6,2,20,16,16GB,DDR4,1TBGB SSD,16.1,Shared,83
164000,HP,Intel,Core i5,11th Gen,2.4,4.2,2,24,8,8GB,LPDDR4,512GB SSD,13.3,Shared,56
71000,HP,AMD,Ryzen 5,5th Gen,2.6,4.3,2,32,16,8GB,DDR4,512GB SSD,15.6,Shared,41
63000,HP,AMD,Ryzen 3,5th Gen,2.6,3.8,2,32,16,8GB,DDR4,512GB SSD,15.6,Shared,41
78000,HP,Intel,Core i5,11th Gen,2.4,4.2,2,32,8,8GB,DDR4,512GB SSD,14,Shared,41
138000,DELL,Intel,Core i7,11th Gen,2.8,4.7,2,32,12,8GB,DDR4,M.2GB SSD,14,Shared,42
99500,DELL,Intel,Core i7,12th Gen,2.6,4.7,4,16,24,8GB,DDR4,512GB SSD,15.6,Shared,41
81000,DELL,Intel,Core i5,12th Gen,2.4,4.4,6,16,12,8GB,DDR4,512GB SSD,15.6,Shared,41
86500,Dell,Intel,Core i5,11th Gen,2.4,4.2,4,8,8,8GB,DDR4,512GB SSD,15.6,Shared,41
170000,Dell,Intel,Core i7,10th Gen,2.6,5,4,4,12,16GB,DDR4,512GB SSD,15.6,Shared,86
185000,Asus,Intel,Core i7,11th Gen,2.8,4.7,4,2,24,16GB,LPDDR4,1TBGB SSD,14,Shared,70
83000,Asus,Intel,Core i5,11th Gen,2.4,4.2,6,14,12,8GB,DDR4,NULL,15.6,Shared,42
118000,ASUS,AMD,Ryzen 5,4th Gen,3,4,4,4,8,8GB,DDR4,512GB SSD,15.6,2GB,48
107000,ASUS,Intel,Core i7,11th Gen,2.8,4.7,2,4,12,8GB,DDR4,512GB SSD,15.6,Shared,42
85000,ASUS,Intel,Core i5,11th Gen,2.4,4.2,2,20,8,8GB,DDR4,512GB SSD,15.6,Shared,42
94000,ACER,AMD,Ryzen 5,7th Gen,2,4.5,2,20,16,8GB,DDR4,512GB SSD,14,Shared,50
110000,ACER,Intel,Core i5,12th Gen,2.4,4.4,2,4,12,16GB,LPDDR4,512GB SSD,14,Shared,56
185000,Acer,Intel,Core i7,11th Gen,2.3,4.6,2,4,24,16GB,DDR4,512GB SSD,15.6,Shared,59
79000,Acer,Intel,Core i5,12th Gen,3.3,4.4,2,4,12,8GB,DDR4,512GB SSD,15.6,Shared,40
60000,ACER,Intel,Core i3,13th Gen,2.1,3.8,2,4,8,8GB,DDR4,512GB SSD,15.6,Shared,40
68000,Acer,AMD,Ryzen 5,7th Gen,2.8,4.3,2,4,16,8GB,DDR4,512GB SSD,15.6,Shared,40
70990,Acer,Intel,Core i5,11th Gen,2.4,4.2,2,8,8,8GB,LPDDR4,StorageGB SSD,14,Shared,37
70990,HP,Intel,Core i5,11th Gen,2.4,4.2,2,4,8,8GB,LPDDR4,StorageGB SSD,14,Shared,37
70950,Acer,Intel,Core i5,11th Gen,2.4,4.2,2,8,8,8GB,LPDDR4,StorageGB SSD,14,Shared,37
70950,HP,Intel,Core i5,11th Gen,2.4,4.2,2,4,8,8GB,LPDDR4,StorageGB SSD,14,Shared,37
70990,Acer,Intel,Core i5,11th Gen,2.4,4.2,2,4,8,8GB,LPDDR4,StorageGB SSD,14,Shared,37
132000,HP,AMD,Ryzen 5,5th Gen,2.4,4.2,2,8,16,8GB,DDR4,512GB SSD,16.1,Shared,70
53000,Dell,Intel,Core i3,11th Gen,3,4.1,2,8,6,4GB,DDR4,256GB SSD,15.6,Shared,41
258000,LENOVO,Intel,Core i7,12th Gen,2.1,4.7,2,12,24,16GB,LPDDR5,1TBGB SSD,14,Shared,75
260000,Lenovo,Intel,Core i7,11th Gen,3,4.8,2,12,24,16GB,LPDDR4,1TBGB SSD,14,Shared,60
119000,Asus,Intel,Core i5,11th Gen,3.1,4.4,4,8,8,16GB,DDR4,512GBM.2 SSD,15.6,Shared,50
62000,ASUS,Intel,Core i3,11th Gen,3,4.1,2,8,6,4GB,DDR4,1TBGB SSD,15.6,Shared,42
33490,Toshiba,Intel,Celeron 5205U,9th Gen,1.9,3.8,2,8,2,4GB,DDR4,256GB SSD,14,Shared,45
46500,TOSHIBA,Intel,Core i3,10th Gen,2.1,4.1,2,8,4,8GB,DDR4,256GB SSD,14,Shared,45
35500,TOSHIBA,Intel,Celeron 5205U,9th Gen,1.9,3.8,2,8,2,4GB,DDR4,512GB SSD,14,Shared,45
103500,MSI,Intel,Core i5,11th Gen,2.4,4.2,2,8,8,LPDDR4,LPDDR4,512GB SSD,14,Shared,52
114500,MSI,AMD,Ryzen 5,5th Gen,2.4,4.2,2,8,16,8GB,DDR4,512GB SSD,15.6,Shared,53
102500,HP,AMD,Ryzen 5,5th Gen,2.4,4.2,2,16,16,8,DDR4,512GB SSD,13.3,Shared,51
215500,HP,Intel,Core i7,11th Gen,2.4,4.7,2,16,12,16GB,LPDDR4,1TBGB SSD,13.3,Shared,56
69500,ASUS,Intel,Core i7,10th Gen,1.2,3.4,2,4,4,4GB,DDR4,512GB SSD,15.6,Shared,37
63000,ASUS,Intel,Core i5,10th Gen,1,3.6,2,8,6,8GB,DDR4,1TBGB SSD,15.6,Shared,37
65000,ASUS,Intel,Core i5,10th Gen,1,3.6,2,12,6,4GB,DDR4,1TBGB SSD,15.6,Shared,37
49000,ASUS,Intel,Core i3,10th Gen,1.2,3.4,2,8,4,8GB,DDR4,1TBGB SSD,15.6,Shared,37
49000,ASUS,Intel,Core i3,10th Gen,1.2,3.4,2,8,4,4GB,DDR4,1TBGB SSD,15.6,Shared,37
68000,ASUS,Intel,Core i5,10th Gen,1,3.6,2,8,6,8GB,DDR4,1TBGB SSD,15.6,Shared,37
133500,ASUS,AMD,Ryzen 7,4th Gen,2.4,4.2,2,8,12,16GB,DDR4,512GB SSD,17.3,Shared,48
121000,ASUS,AMD,Ryzen 5,4th Gen,3,4,2,8,11,8GB,DDR4,512GB SSD,15.6,Shared,48
128000,ASUS,AMD,Ryzen 7,4th Gen,2.9,4.2,2,8,8,16GB,DDR4,512GB SSD,15.6,Shared,48
176000,ASUS,AMD,Ryzen 7,5th Gen,2.4,4.4,2,4,20,16GB,DDR4,512GB SSD,15.6,Shared,90
146000,ASUS,Intel,Core i7,11th Gen,2.7,4.5,2,8,12,8GB,DDR4,512GB SSD,15.6,Shared,48
133500,ASUS,Intel,Core i5,11th Gen,2.7,4.5,2,8,12,16GB,DDR4,512GB SSD,15.6,Shared,48
93000,ASUS,Intel,Core i7,11th Gen,2.8,4.7,2,8,12,RAM:,DDR4,StorageGB SSD,15.6,Shared,37
68900,ASUS,Intel,Core i3,11th Gen,3,4.1,2,4,6,4GB,DDR4,512GB SSD,14,Shared,37
62000,ASUS,Intel,Core i3,11th Gen,3,4.1,2,8,6,4GB,DDR4,1TBGB SSD,14,Shared,42
142000,Apple,Apple,"M1 chip
8-core",Cth Gen,3,4.1,2,8,20,8GB,DDR4,256GB SSD,13.3,Shared,42
155000,Apple,Apple,"M1 chip
8-core",Cth Gen,3,4.1,2,8,20,8GB,DDR4,512GB SSD,13.3,Shared,58
186000,Apple,Apple,M2 chip,"
th Gen",3,4.1,2,6,20,8GB,DDR4,512GB SSD,13.3,Shared,58
142000,Apple,Apple,"M1 chip
8-core",Cth Gen,3,4.1,2,8,20,8GB,DDR4,256GB SSD,13.3,Shared,58
42500,Asus,Intel,Celeron N4020,9th Gen,1.1,2.8,2,8,4,4GB,DDR4,256GB SSD,15.6,Shared,42
45000,Asus,Intel,Celeron N4020,9th Gen,1.1,2.8,2,8,4,4GB,DDR4,512GB SSD,15.6,Shared,42
37500,LENOVO,Intel,Celeron N4020,9th Gen,1.1,2.6,2,8,4,4GB,DDR4,128GB SSD,10.1,Shared,45
30500,WALTON,Intel,Pentium Silver N5000,9th Gen,1.1,2.8,2,8,4,8GB,DDR4,NULL,14,Shared,31
59950,WALTON,Intel,Core i7,11th Gen,1.8,4.2,2,8,24,Installed,DDR4,InstalledGB SSD,14,Shared,31
75000,WALTON,Intel,Core i7,11th Gen,1.8,4.9,2,8,24,4GB,DDR4,1TBGB SSD,15.6,Shared,37
54000,LENOVO,Intel,Core i3,11th Gen,3,4.1,2,8,6,4GB,DDR4,1TBGB SSD,14,Shared,37
158000,Asus,Intel,Core i7,11th Gen,2.8,4.7,2,8,12,16GB,LPDDR4,512GB SSD,14,Shared,63
119000,ASUS,Intel,Core i5,11th Gen,2.4,4.2,2,8,8,8GB,LPDDR4,512GB SSD,14,Shared,63
98000,Asus,Intel,Core i5,11th Gen,2.4,4.2,2,8,8,8GB,DDR4,512GB SSD,15.6,Shared,42
71000,Asus,Intel,Core i3,11th Gen,2.4,4.1,4,8,6,8GB,DDR4,512GB SSD,15.6,Shared,42
71000,Asus,Intel,Core i3,11th Gen,2.4,4.1,4,8,6,8GB,DDR4,512GB SSD,15.6,Shared,42
68500,Asus,Intel,Core i3,11th Gen,2.4,4.1,2,8,6,4GB,DDR4,512GB SSD,15.6,Shared,42
108000,ASUS,Intel,Core i7,11th Gen,2.8,4.7,4,6,12,8GB,DDR4,512GB SSD,15.6,Shared,42
119000,Asus,Intel,Core i7,11th Gen,2.8,4.7,4,8,12,8GB,DDR4,512GB SSD,15.6,Shared,42
100500,Asus,Intel,Core i5,11th Gen,2.4,4.2,2,8,8,8GB,DDR4,512GB SSD,15.6,Shared,42
103000,Asus,Intel,Core i5,11th Gen,2.4,4.2,2,8,8,8GB,DDR4,512GB SSD,15.6,Shared,42
112000,Asus,Intel,Core i7,11th Gen,2.8,4.7,4,4,12,8GB,DDR4,NULL,15.6,Shared,42
94500,Asus,Intel,Core i5,11th Gen,2.4,4.2,4,8,8,8GB,DDR4,NULL,15.6,Shared,42
83000,Asus,Intel,Core i5,11th Gen,2.4,4.2,8,4,8,8GB,DDR4,NULL,15.6,Shared,42
115000,Asus,Intel,Core i7,11th Gen,2.8,4.7,2,8,12,16GB,DDR4,512GB SSD,14,Shared,42
95000,ASUS,Intel,Core i7,11th Gen,2.8,4.7,2,4,12,8GB,DDR4,GB SSD,14,Shared,42
80000,ASUS,Intel,Core i5,11th Gen,2.4,4.2,2,8,8,8GB,DDR4,GB SSD,14,Shared,42
78000,ASUS,Intel,Core i5,11th Gen,2.4,4.2,2,4,8,8GB,DDR4,GB SSD,14,Shared,42
77000,ASUS,Intel,Core i5,11th Gen,2.4,4.2,2,8,8,8GB,DDR4,GB SSD,14,Shared,42
78000,ASUS,Intel,Core i5,11th Gen,2.4,4.2,2,8,8,8GB,DDR4,GB SSD,14,Shared,42
84000,ASUS,Intel,Core i5,11th Gen,2.4,4.2,2,8,8,16GB,DDR4,GB SSD,14,Shared,42
84000,ASUS,Intel,Core i5,11th Gen,2.4,4.2,4,8,8,16GB,DDR4,GB SSD,14,Shared,42
630000,ASUS,AMD,Ryzen 9,6th Gen,,4.9,2,8,20,64GB,DDR5,2TBGB SSD,16,Shared,90
145000,LENOVO,Intel,Core i7,11th Gen,2.3,4.7,2,8,12,16GB,DDR4,512GB SSD,14,Shared,52
114000,HP,Intel,Core i7,11th Gen,2.3,4.7,2,8,12,8GB,DDR4,512GB SSD,14,Shared,42
99000,HP,AMD,Ryzen 5,4th Gen,2.3,4,2,8,8,8GB,DDR4,GB SSD,13.3,Shared,42
66000,HP,Intel,Core i3,11th Gen,3,4.1,4,8,4,8GB,DDR4,1TBGB SSD,14,Shared,42
58700,HP,Intel,Core i3,11th Gen,2.8,3.7,6,8,8,8GB,DDR4,1GB SSD,15.6,Shared,42
78800,HP,Intel,Core i5,12th Gen,2.4,4.4,6,8,12,8GB,DDR4,512GB SSD,14,Shared,42
425000,DELL,Intel,Core i7,12th Gen,2.6,4.6,2,8,20,16GB,DDR5,1TBGB SSD,17,Shared,97
290000,DELL,Intel,Core i7,12th Gen,2.8,4.8,2,8,24,16GB,LPDDR5,1TBGB SSD,"13,4",Shared,42
222000,DELL,Intel,Core i7,12th Gen,2.8,4.7,4,8,24,16GB,LPDDR5,512GB SSD,13.4,Shared,45
67500,Dell,Intel,Core i5,11th Gen,2.4,4.2,6,8,8,"4GB,",DDR4,1TBGB SSD,14,Shared,42
85000,Dell,AMD,Ryzen 7,5th Gen,2,4.5,6,8,16,8GB,DDR4,512GB SSD,15.6,Shared,42
71500,DELL,AMD,Ryzen 5,5th Gen,2.3,4.3,2,8,16,8GB,DDR4,512GB SSD,15.6,Shared,42
84900,ACER,Intel,Core i7,11th Gen,2.8,4.7,6,8,12,8GB,DDR4,NULL,14,Shared,48
93000,HP,AMD,Ryzen 7,5th Gen,1.8,4.4,6,8,16,8GB,DDR4,512GB SSD,13.3,Shared,42
155000,Asus,Intel,Core i7,11th Gen,2.8,4.7,4,8,12,8GB,LPDDR4,1TBGB SSD,14,Shared,65
62550,Walton,Intel,Core i3,11th Gen,1.7,3,4,8,4,8GB,DDR4,512GB SSD,14,Shared,49
82550,WALTON,Intel,Core i7,10th Gen,1.8,4.2,4,8,24,8GB,DDR4,InstalledGB SSD,14,Shared,36
45550,WALTON,Intel,Pentium Silver N5030,NULL,1.1,4.2,2,8,4,8GB,DDR4,InstalledGB SSD,14,Shared,36
44775,WALTON,Intel,Celeron N4120,NULL,1.1,4.2,10,8,4,8GB,DDR4,InstalledGB SSD,14,Shared,36
42775,WALTON,Intel,Celeron N4020,NULL,1.1,4.8,4,8,4,8GB,DDR4,InstalledGB SSD,14,Shared,36
87500,WALTON,Intel,Core i7,10th Gen,1.8,4.2,4,8,24,8GB,DDR4,InstalledGB SSD,15.6,Shared,36
84750,WALTON,Intel,Core i7,10th Gen,1.8,4.6,2,8,8,8GB,DDR4,InstalledGB SSD,15.6,Shared,36
67550,WALTON,Intel,Core i5,10th Gen,2.4,4.2,2,8,6,8GB,DDR4,InstalledGB SSD,15.6,Shared,36
76000,Realme,Intel,Core i5,11th Gen,2.4,4.2,2,8,8,8GB,LPDDR4,512GB SSD,14,Shared,54
76000,Realme,Intel,Core i5,11th Gen,2.4,4.2,2,8,8,8GB,LPDDR4,512GB SSD,14,Shared,54
76000,Realme,Intel,Core i5,11th Gen,2.4,4.2,10,8,12,8GB,LPDDR4,512GB SSD,14,Shared,54
369900,MSI,Intel,Core i7,12th Gen,2.1,4.7,10,8,24,32GB,DDR5,1TBGB SSD,15.6,Shared,100
299900,MSI,Intel,Core i7,12th Gen,3.5,4.7,2,8,24,16GB,DDR5,1TBGB SSD,15.6,Shared,100
199000,MSI,Intel,Core i7,12th Gen,3.5,4.7,4,8,24,16GB,DDR4,1TBGB SSD,15.6,Shared,54
93500,MSI,Intel,Core i7,12th Gen,3.5,4.7,6,8,12,8GB,DDR4,512GB SSD,15.6,Shared,40
51500,Lenovo,Intel,Core i3,10th Gen,1.2,3.4,4,8,4,4GB,DDR4,1TBGB SSD,15.6,Shared,40
74500,Lenovo,Intel,Core i5,11th Gen,2.4,4.2,6,8,8,8GB,DDR4,512GB SSD,15.6,Shared,40
100000,Lenovo,Intel,Core i5,11th Gen,2.6,4.4,4,8,8,8GB,DDR4,1TBGB SSD,15.6,Shared,45
37000,Lenovo,Intel,Pentium Silver N5030,9th Gen,1.1,3.1,4,8,4,4GB,DDR4,1TBGB SSD,14,Shared,35
69000,Lenovo,AMD,Ryzen 5,7th Gen,2.8,4.3,4,8,4,8GB,DDR5,512GB SSD,15.6,Shared,42
62000,Lenovo,AMD,Ryzen 5,7th Gen,2.8,4.3,4,8,16,8GB,DDR5,256GB SSD,15.6,Shared,42
62000,Lenovo,AMD,Ryzen 5,7th Gen,2.8,4.3,4,8,4,8GB,DDR5,256GB SSD,14,Shared,42
62000,Lenovo,AMD,Ryzen 5,7th Gen,2.8,4.3,4,8,4,8GB,DDR5,500GB SSD,14,Shared,42
92800,HP,Intel,Core i7,12th Gen,2.1,3.3,4,8,24,8GB,DDR4,512GB SSD,15.6,Shared,41
46200,HP,Intel, Celeron N4500,9th Gen,3,2.8,4,8,4,4GB,DDR4,256GB SSD,15.6,Shared,41
50000,Dell,Intel,Core i3,11th Gen,3,4.1,10,8,6,4GB,DDR4,1TBGB SSD,14,Shared,42
90000,Dell,Intel,Core i7,11th Gen,2.8,4.7,4,8,12,8GB,DDR4,512GB SSD,14,Shared,42
99500,Dell,Intel,Core i7,11th Gen,2.8,4.7,4,8,12,8GB,DDR4,512GB SSD,14,Shared,42
72500,Dell,Intel,Core i3,11th Gen,3,4.1,4,8,6,8GB,DDR4,256GB SSD,14,Shared,41
65500,Dell,Intel,Core i3,11th Gen,3,4.1,4,8,6,4GB,DDR4,256GB SSD,14,Shared,41
72500,AVITA,AMD,Ryzen 7,3th Gen,2.3,4,4,8,4,8GB,DDR4,512GB SSD,14,2GB,42
75500,ASUS,AMD,Ryzen 7,4th Gen,2,4.1,4,8,8,8GB,DDR4,512GBM.2 SSD,15.6,Shared,50
78700,ASUS,AMD,Ryzen 7,4th Gen,2,4.1,4,8,18,8GB,DDR4,512GBM.2 SSD,15.6,Shared,50
130000,ASUS,Intel,Core i5,12th Gen,2.5,4.5,4,8,18,8GB,DDR4,512GB SSD,16,Shared,70
167000,ASUS,Intel,Core i7,11th Gen,3.3,4.8,10,8,12,16GB,DDR4,512GBM.2 SSD,16,Shared,96
178000,ASUS,AMD,Ryzen 7,5th Gen,2.1,4.4,4,8,20,16GB,DDR4,512GBM.2 SSD,16,2GB,96
158000,ASUS,AMD,Ryzen 9,5th Gen,3,4.6,4,8,20,16GB,DDR4,512GBM.2 SSD,15.6,Shared,63
59500,ASUS,Intel,Core i3,11th Gen,3,4.1,10,8,6,8GB,DDR4,512GB SSD,15.6,Shared,37
57000,Asus,Intel,Core i3,11th Gen,3,4.1,10,8,6,4GB,DDR4,256GB SSD,14,Shared,37
54500,Asus,Intel,Celeron N4500,9th Gen,1.1,2.8,10,8,4,4GB,DDR4,256GB SSD,11.6,Shared,42
55500,ASUS,AMD,Ryzen 3,3th Gen,2.1,3.5,10,8,5,4GB,DDR4,512GB SSD,15.6,Shared,37
53000,ASUS,AMD,Ryzen 3,3th Gen,2.1,3.5,8,8,5,4GB,DDR4,1TBGB SSD,10,Shared,37
165000,Apple,Intel,NULL,NULL,,,4,8,5,8GB,DDR4,256GB SSD,13.6,2GB,53
232190,ACER,Intel,Core i7,12th Gen,2.5,4.7,4,8,24,RAM:,DDR5,1TBGB SSD,15.6,2GB,57
132000,Acer,Intel,Core i7,11th Gen,3.3,4.8,4,8,12,8GB,DDR4,256GB SSD,15.6,Shared,57
52500,Acer,Intel,Core i3,11th Gen,3,4.1,4,8,6,8GB,DDR4,1TBGB SSD,15.6,Shared,40
47000,Acer,AMD,Ryzen 3,3th Gen,2.6,3.5,4,8,12,8GB,DDR4,256GB SSD,15.6,Shared,20
49500,Acer,AMD,Ryzen 3,3th Gen,2.6,3.5,10,8,16,8GB,DDR4,256GB SSD,15.6,Shared,20
172000,Acer,Intel,Core i7,11th Gen,2.3,4.6,4,8,24,16GB,DDR4,512GB SSD,15.6,Shared,20
61000,Lenovo,Intel,Core i3,11th Gen,3,4.1,4,8,6,8GB,DDR4,512GB SSD,15.6,Shared,38
57800,Lenovo,Intel,Core i3,11th Gen,3,4.1,12,8,6,8GB,DDR4,256GB SSD,15.6,Shared,38
55500,Lenovo,Intel,Core i3,11th Gen,3,4.1,12,8,6,8GB,DDR4,1TBGB SSD,15.6,Shared,38
74000,Lenovo,Intel,Core i5,11th Gen,2.4,4.2,6,8,8,8GB,DDR4,512GB SSD,15.6,4GB,45
74500,Lenovo,Intel,Core i5,11th Gen,2.4,4.2,10,8,8,8GB,DDR4,512GB SSD,14,Shared,45
55500,Asus,AMD,Ryzen 3,3th Gen,2.6,3.5,4,8,4,4GB,DDR4,512GB SSD,15.6,Shared,45
52000,Asus,AMD,Ryzen 3,3th Gen,2.6,3.5,10,8,4,4GB,DDR4,1TBGB SSD,15.6,Shared,37
56000,Dell,Intel,Core i3,11th Gen,3,4.1,6,8,6,4GB,DDR4,512GB SSD,15.6,Shared,42
53000,Lenovo,Intel,Core i3,11th Gen,3,4.1,12,8,6,4GB,DDR4,1GB SSD,14,Shared,38
56500,Lenovo,Intel,Core i3,11th Gen,3,4.1,12,8,6,4GB,DDR4,1GB SSD,14,Shared,38
154000,Acer,Intel,Core i7,10th Gen,2.6,4.2,10,8,24,16GB,DDR4,1GB SSD,15.6,Shared,37
95000,Microsoft,Intel,Core i5,10th Gen,2.1,4.2,4,8,24,8GB,LPDDR4,128GB SSD,12.3,Shared,40